4.0,12.0,0,0,0,1,1
2.0,12.0,13,15,12,1,1
0.0,12.0,13,14,12,1,1
-2.0,12.0,13,13,12,1,1
-4.0,12.0,13,12,12,1,1
-6.0,12.0,13,11,12,1,1
-8.0,12.0,13,10,12,1,1
-10.0,12.0,13,9,12,1,4
-10.0,10.0,9,11,24,4,4
-10.0,8.0,9,10,24,4,4
-10.0,6.0,9,9,24,4,4
-10.0,4.0,9,8,24,4,4
-10.0,2.0,9,7,24,4,4
-10.0,0.0,9,6,24,4,2
-8.0,0.0,6,23,19,2,2
-6.0,0.0,6,22,19,2,2
-4.0,0.0,6,21,19,2,2
-2.0,0.0,6,20,19,2,2
-26.0,-12.0,6,19,19,2,2
-24.0,-12.0,6,18,19,2,2
-22.0,-12.0,6,17,19,2,2
-20.0,-12.0,6,16,19,2,2
-18.0,-12.0,6,15,19,2,2
-16.0,-12.0,6,14,19,2,2
-14.0,-12.0,6,13,19,2,2
-12.0,-12.0,6,12,19,2,2
-10.0,-12.0,6,11,19,2,2
-8.0,-12.0,6,10,19,2,2
-6.0,-12.0,6,9,19,2,2
-4.0,-12.0,6,8,19,2,2
-2.0,-12.0,6,7,19,2,3
-2.0,-10.0,7,18,26,3,3
-2.0,-8.0,7,17,26,3,3
-2.0,-6.0,7,16,26,3,3
-2.0,-4.0,7,15,26,3,3
-2.0,-2.0,7,14,26,3,3
-2.0,0.0,7,13,26,3,2
42.0,-18.0,12,6,13,2,2
44.0,-18.0,12,5,13,2,2
46.0,-18.0,12,4,13,2,2
48.0,-18.0,12,3,13,2,3
48.0,-16.0,3,12,30,3,1
46.0,-16.0,12,29,1,1,1
44.0,-16.0,12,28,13,1,1
42.0,-16.0,12,27,13,1,1
40.0,-16.0,12,26,13,1,1
38.0,-16.0,12,25,13,1,1
36.0,-16.0,12,24,13,1,1
34.0,-16.0,12,23,13,1,1
32.0,-16.0,12,22,13,1,1
30.0,-16.0,12,21,13,1,1
28.0,-16.0,12,20,13,1,1
26.0,-16.0,12,19,13,1,1
24.0,-16.0,12,18,13,1,1
22.0,-16.0,12,17,13,1,1
20.0,-16.0,12,16,13,1,1
18.0,-16.0,12,15,13,1,1
16.0,-16.0,12,14,13,1,1
14.0,-16.0,12,13,13,1,1
12.0,-16.0,12,12,13,1,1
10.0,-16.0,12,11,13,1,1
8.0,-16.0,12,10,13,1,1
6.0,-16.0,12,9,13,1,1
4.0,-16.0,12,8,13,1,1
2.0,-16.0,12,7,13,1,3
2.0,-14.0,26,11,7,3,3
2.0,-12.0,26,10,7,3,3
2.0,-10.0,26,9,7,3,3
2.0,-8.0,26,8,7,3,3
2.0,-6.0,26,7,7,3,3
2.0,-4.0,26,6,7,3,3
2.0,-2.0,26,5,7,3,3
2.0,0.0,26,4,7,3,1
6.0,38.0,4,6,21,1,1
4.0,38.0,4,5,21,1,1
2.0,38.0,4,4,21,1,1
0.0,38.0,4,3,21,1,1
-2.0,38.0,4,2,21,1,4
-2.0,36.0,2,20,31,4,4
-2.0,34.0,2,19,31,4,4
-2.0,32.0,2,18,31,4,4
-2.0,30.0,2,17,31,4,4
-2.0,28.0,2,16,31,4,4
-2.0,26.0,2,15,31,4,4
-2.0,24.0,2,14,31,4,4
-2.0,22.0,2,13,31,4,4
-2.0,20.0,2,12,31,4,4
-2.0,18.0,2,11,31,4,4
-2.0,16.0,2,10,31,4,4
-2.0,14.0,2,9,31,4,4
-2.0,12.0,2,8,31,4,4
-2.0,10.0,2,7,31,4,4
-2.0,8.0,2,6,31,4,4
-2.0,6.0,2,5,31,4,4
-2.0,4.0,2,4,31,4,4
-2.0,2.0,2,3,31,4,2
0.0,2.0,3,30,22,2,2
2.0,2.0,3,29,22,2,2
4.0,2.0,3,28,22,2,2
6.0,2.0,3,27,22,2,2
8.0,2.0,3,26,22,2,2
10.0,2.0,3,25,22,2,2
12.0,2.0,3,24,22,2,2
14.0,2.0,3,23,22,2,4
14.0,0.0,10,2,23,4,1
12.0,0.0,1,9,2,1,1
10.0,0.0,1,8,2,1,1
8.0,0.0,23,7,2,1,1
6.0,0.0,23,6,2,1,1
4.0,0.0,23,5,2,1,1
2.0,0.0,23,4,2,1,1
-56.0,-18.0,23,3,2,1,1
-58.0,-18.0,23,2,2,1,3
-58.0,-16.0,31,22,2,3,3
-58.0,-14.0,31,21,2,3,3
-58.0,-12.0,31,20,2,3,3
-58.0,-10.0,31,19,2,3,3
-58.0,-8.0,31,18,2,3,3
-58.0,-6.0,31,17,2,3,3
-58.0,-4.0,31,16,2,3,3
-58.0,-2.0,31,15,2,3,2
-56.0,-2.0,10,30,15,2,2
-54.0,-2.0,10,29,15,2,2
-52.0,-2.0,10,28,15,2,2
-50.0,-2.0,10,27,15,2,2
-48.0,-2.0,10,26,15,2,2
-46.0,-2.0,10,25,15,2,3
-46.0,0.0,25,14,8,3,2
-44.0,0.0,11,24,14,2,2
-42.0,0.0,11,23,14,2,2
-40.0,0.0,11,22,14,2,2
-38.0,0.0,11,21,14,2,2
-36.0,0.0,11,20,14,2,2
-34.0,0.0,11,19,14,2,2
-32.0,0.0,11,18,14,2,2
-30.0,0.0,11,17,14,2,2
-28.0,0.0,11,16,14,2,2
-26.0,0.0,11,15,14,2,2
-24.0,0.0,11,14,14,2,2
-22.0,0.0,11,13,14,2,2
-20.0,0.0,11,12,14,2,2
-18.0,0.0,11,11,14,2,2
-16.0,0.0,11,10,14,2,2
-14.0,0.0,11,9,14,2,2
-12.0,0.0,11,8,14,2,2
-10.0,0.0,11,7,14,2,2
-8.0,0.0,11,6,14,2,2
-6.0,0.0,11,5,14,2,2
-4.0,0.0,11,4,14,2,2
-2.0,0.0,11,3,14,2,2
18.0,-14.0,11,2,14,2,3
18.0,-12.0,2,13,31,3,3
18.0,-10.0,2,12,31,3,3
18.0,-8.0,2,11,31,3,3
18.0,-6.0,2,10,31,3,3
18.0,-4.0,2,9,31,3,3
18.0,-2.0,2,8,31,3,3
18.0,0.0,2,7,31,3,1
16.0,0.0,7,30,18,1,1
14.0,0.0,7,29,18,1,1
12.0,0.0,7,28,18,1,1
10.0,0.0,7,27,18,1,1
8.0,0.0,7,26,18,1,1
6.0,0.0,7,25,18,1,1
4.0,0.0,7,24,18,1,1
2.0,0.0,7,23,18,1,1
-4.0,32.0,7,22,18,1,1
-6.0,32.0,7,21,18,1,4
-6.0,30.0,21,17,12,4,4
-6.0,28.0,21,16,12,4,4
-6.0,26.0,21,15,12,4,4
-6.0,24.0,21,14,12,4,4
-6.0,22.0,21,13,12,4,4
-6.0,20.0,21,12,12,4,4
-6.0,18.0,21,11,12,4,4
-6.0,16.0,21,10,12,4,4
-6.0,14.0,21,9,12,4,4
-6.0,12.0,21,8,12,4,4
-6.0,10.0,21,7,12,4,4
-6.0,8.0,21,6,12,4,4
-6.0,6.0,21,5,12,4,4
-6.0,4.0,21,4,12,4,4
-6.0,2.0,21,3,12,4,4
-6.0,0.0,21,2,12,4,2
-4.0,0.0,2,11,23,2,2
-2.0,0.0,2,10,23,2,2
-2.0,-44.0,2,9,23,2,2
0.0,-44.0,2,8,23,2,2
2.0,-44.0,2,7,23,2,3
2.0,-42.0,7,22,5,3,3
2.0,-40.0,7,21,5,3,3
2.0,-38.0,7,20,26,3,3
2.0,-36.0,7,19,26,3,3
2.0,-34.0,7,18,26,3,3
2.0,-32.0,7,17,26,3,3
2.0,-30.0,7,16,26,3,3
2.0,-28.0,7,15,26,3,3
2.0,-26.0,7,14,26,3,3
2.0,-24.0,7,13,26,3,3
2.0,-22.0,7,12,26,3,3
2.0,-20.0,7,11,26,3,3
2.0,-18.0,7,10,26,3,3
2.0,-16.0,7,9,26,3,3
2.0,-14.0,7,8,26,3,3
2.0,-12.0,7,7,26,3,3
2.0,-10.0,7,6,26,3,3
2.0,-8.0,7,5,26,3,3
2.0,-6.0,7,4,26,3,3
2.0,-4.0,7,3,26,3,3
2.0,-2.0,7,2,26,3,3
2.0,0.0,7,1,26,3,1
6.0,18.0,1,25,24,1,1
4.0,18.0,1,24,24,1,1
2.0,18.0,1,23,24,1,1
0.0,18.0,1,22,24,1,4
0.0,16.0,22,23,4,4,4
0.0,14.0,22,22,4,4,4
0.0,12.0,22,21,4,4,4
0.0,10.0,22,20,11,4,4
0.0,8.0,22,19,11,4,4
0.0,6.0,22,18,11,4,4
0.0,4.0,22,17,11,4,4
0.0,2.0,22,16,11,4,4
-16.0,-10.0,22,15,11,4,4
-16.0,-12.0,22,14,11,4,4
-16.0,-14.0,22,13,11,4,2
-14.0,-14.0,13,10,12,2,2
-12.0,-14.0,13,9,12,2,2
-10.0,-14.0,13,8,12,2,2
-8.0,-14.0,13,7,12,2,2
-6.0,-14.0,13,6,12,2,2
-4.0,-14.0,13,5,12,2,2
-2.0,-14.0,13,4,12,2,2
0.0,-14.0,13,3,12,2,3
0.0,-12.0,3,11,8,3,3
0.0,-10.0,3,10,30,3,3
0.0,-8.0,3,9,30,3,3
0.0,-6.0,3,8,30,3,3
0.0,-4.0,3,7,30,3,3
0.0,-2.0,3,6,30,3,3
36.0,-8.0,3,5,30,3,1
34.0,-8.0,5,29,7,1,1
32.0,-8.0,5,28,7,1,1
30.0,-8.0,5,27,20,1,1
28.0,-8.0,5,26,20,1,1
26.0,-8.0,5,25,20,1,1
24.0,-8.0,5,24,20,1,1
22.0,-8.0,5,23,20,1,1
20.0,-8.0,5,22,20,1,1
18.0,-8.0,5,21,20,1,3
18.0,-6.0,12,4,21,3,3
18.0,-4.0,12,3,21,3,3
18.0,-2.0,12,2,21,3,3
18.0,0.0,12,1,21,3,1
16.0,0.0,1,20,24,1,1
14.0,0.0,1,19,24,1,1
12.0,0.0,1,18,24,1,1
10.0,0.0,1,17,24,1,1
8.0,0.0,1,16,24,1,1
6.0,0.0,1,15,24,1,1
4.0,0.0,1,14,24,1,1
2.0,0.0,1,13,24,1,1
-38.0,8.0,1,12,24,1,1
-40.0,8.0,1,11,24,1,4
-40.0,6.0,11,23,10,4,4
-40.0,4.0,11,22,22,4,4
-40.0,2.0,11,21,22,4,4
-40.0,0.0,11,20,22,4,4
-40.0,-2.0,11,19,22,4,2
-38.0,-2.0,19,21,5,2,2
-36.0,-2.0,19,20,5,2,2
-34.0,-2.0,19,19,5,2,2
-32.0,-2.0,19,18,5,2,2
-30.0,-2.0,19,17,6,2,2
-28.0,-2.0,19,16,6,2,2
-26.0,-2.0,19,15,6,2,3
-26.0,0.0,15,5,7,3,3
-26.0,2.0,15,4,7,3,2
-24.0,2.0,21,14,4,2,2
-22.0,2.0,21,13,4,2,2
-20.0,2.0,21,12,4,2,2
-18.0,2.0,21,11,4,2,2
-16.0,2.0,21,10,4,2,2
-14.0,2.0,21,9,4,2,2
-12.0,2.0,21,8,4,2,2
-10.0,2.0,21,7,4,2,2
-8.0,2.0,21,6,4,2,2
-6.0,2.0,21,5,4,2,2
-4.0,2.0,21,4,4,2,2
-2.0,2.0,21,3,4,2,2
0.0,2.0,21,2,4,2,4
30.0,-8.0,31,20,2,4,4
30.0,-10.0,31,19,2,4,4
30.0,-12.0,31,18,2,4,4
30.0,-14.0,31,17,2,4,1
28.0,-14.0,4,30,17,1,1
26.0,-14.0,4,29,17,1,1
24.0,-14.0,4,28,17,1,1
22.0,-14.0,4,27,17,1,1
20.0,-14.0,4,26,17,1,1
18.0,-14.0,8,25,17,1,1
16.0,-14.0,8,24,17,1,1
14.0,-14.0,8,23,17,1,1
12.0,-14.0,8,22,17,1,3
12.0,-12.0,9,7,22,3,3
12.0,-10.0,9,6,22,3,3
12.0,-8.0,11,5,22,3,3
12.0,-6.0,11,4,22,3,3
12.0,-4.0,11,3,22,3,3
12.0,-2.0,11,2,22,3,1
10.0,-2.0,2,21,23,1,1
8.0,-2.0,2,20,23,1,1
6.0,-2.0,2,19,23,1,1
4.0,-2.0,2,18,23,1,1
2.0,-2.0,2,17,23,1,1
0.0,-2.0,2,16,23,1,1
-2.0,-2.0,2,15,23,1,1
-4.0,-2.0,2,14,23,1,1
-6.0,-2.0,2,13,23,1,1
-8.0,-2.0,2,12,23,1,1
-10.0,-2.0,2,11,23,1,1
-12.0,-2.0,2,10,23,1,1
-14.0,-2.0,2,9,23,1,1
-16.0,-2.0,2,8,23,1,1
-18.0,-2.0,2,7,23,1,1
-20.0,-2.0,2,6,23,1,3
-20.0,0.0,27,1,6,3,2
-18.0,0.0,1,26,1,2,2
-16.0,0.0,1,25,1,2,2
-14.0,0.0,1,24,1,2,2
-12.0,0.0,1,23,1,2,2
-10.0,0.0,1,22,1,2,2
-8.0,0.0,1,21,1,2,2
-6.0,0.0,24,20,1,2,2
-4.0,0.0,24,19,1,2,2
-2.0,0.0,24,18,1,2,2
20.0,28.0,24,17,1,2,2
22.0,28.0,24,16,1,2,2
24.0,28.0,24,15,1,2,4
24.0,26.0,11,23,15,4,4
24.0,24.0,18,22,15,4,4
24.0,22.0,18,21,15,4,4
24.0,20.0,18,20,15,4,4
24.0,18.0,18,19,15,4,4
24.0,16.0,18,18,15,4,4
24.0,14.0,18,17,15,4,4
24.0,12.0,18,16,15,4,4
24.0,10.0,18,15,15,4,4
24.0,8.0,18,14,15,4,4
24.0,6.0,18,13,15,4,4
24.0,4.0,18,12,15,4,4
24.0,2.0,18,11,15,4,4
24.0,0.0,18,10,15,4,1
22.0,0.0,15,17,10,1,1
20.0,0.0,15,16,10,1,1
18.0,0.0,15,15,10,1,1
16.0,0.0,15,14,10,1,1
14.0,0.0,15,13,10,1,1
12.0,0.0,15,12,10,1,1
10.0,0.0,15,11,10,1,1
8.0,0.0,15,10,10,1,1
6.0,0.0,15,9,10,1,1
4.0,0.0,15,8,10,1,1
2.0,0.0,15,7,10,1,1
-44.0,2.0,15,6,10,1,3
-44.0,4.0,12,14,6,3,3
-44.0,6.0,12,13,6,3,3
-44.0,8.0,27,12,6,3,2
-42.0,8.0,3,26,12,2,2
-40.0,8.0,3,25,12,2,2
-38.0,8.0,3,24,12,2,2
-36.0,8.0,3,23,12,2,2
-34.0,8.0,3,22,12,2,2
-32.0,8.0,3,21,12,2,2
-30.0,8.0,13,20,12,2,2
-28.0,8.0,13,19,12,2,2
-26.0,8.0,13,18,12,2,2
-24.0,8.0,13,17,12,2,2
-22.0,8.0,13,16,12,2,2
-20.0,8.0,13,15,12,2,2
-18.0,8.0,13,14,12,2,2
-16.0,8.0,13,13,12,2,2
-14.0,8.0,13,12,12,2,2
-12.0,8.0,13,11,12,2,2
-10.0,8.0,13,10,12,2,2
-8.0,8.0,13,9,12,2,2
-6.0,8.0,13,8,12,2,2
-4.0,8.0,13,7,12,2,2
-2.0,8.0,13,6,12,2,2
0.0,8.0,13,5,12,2,4
0.0,6.0,28,12,5,4,4
0.0,4.0,28,11,5,4,4
0.0,2.0,28,10,5,4,4
52.0,2.0,28,9,5,4,4
52.0,0.0,28,8,5,4,1
50.0,0.0,5,27,8,1,1
48.0,0.0,5,26,8,1,1
46.0,0.0,5,25,8,1,1
44.0,0.0,5,24,8,1,1
42.0,0.0,5,23,8,1,1
40.0,0.0,5,22,8,1,1
38.0,0.0,17,21,8,1,1
36.0,0.0,17,20,8,1,1
34.0,0.0,17,19,8,1,1
32.0,0.0,17,18,8,1,1
30.0,0.0,17,17,8,1,1
28.0,0.0,17,16,8,1,1
26.0,0.0,17,15,8,1,1
24.0,0.0,17,14,8,1,1
22.0,0.0,17,13,8,1,1
20.0,0.0,17,12,8,1,1
18.0,0.0,17,11,8,1,1
16.0,0.0,17,10,8,1,1
14.0,0.0,17,9,8,1,1
12.0,0.0,17,8,8,1,1
10.0,0.0,17,7,8,1,1
8.0,0.0,17,6,8,1,1
6.0,0.0,17,5,8,1,1
4.0,0.0,17,4,8,1,1
2.0,0.0,17,3,8,1,1
-12.0,-12.0,17,2,8,1,3
-12.0,-10.0,31,16,2,3,3
-12.0,-8.0,31,15,2,3,3
-12.0,-6.0,31,14,2,3,3
-12.0,-4.0,31,13,2,3,3
-12.0,-2.0,31,12,2,3,3
-12.0,0.0,31,11,2,3,2
-10.0,0.0,6,30,11,2,2
-8.0,0.0,6,29,11,2,2
-6.0,0.0,6,28,11,2,2
-4.0,0.0,6,27,11,2,2
-2.0,0.0,6,26,11,2,2
-32.0,22.0,6,25,11,2,2
-30.0,22.0,14,24,11,2,2
-28.0,22.0,14,23,11,2,2
-26.0,22.0,14,22,11,2,2
-24.0,22.0,14,21,11,2,2
-22.0,22.0,14,20,11,2,2
-20.0,22.0,14,19,11,2,2
-18.0,22.0,14,18,11,2,2
-16.0,22.0,14,17,11,2,2
-14.0,22.0,14,16,11,2,2
-12.0,22.0,14,15,11,2,2
-10.0,22.0,14,14,11,2,2
-8.0,22.0,14,13,11,2,2
-6.0,22.0,14,12,11,2,2
-4.0,22.0,14,11,11,2,2
-2.0,22.0,14,10,11,2,2
0.0,22.0,14,9,11,2,4
0.0,20.0,24,13,9,4,4
0.0,18.0,24,12,9,4,4
0.0,16.0,24,11,9,4,4
0.0,14.0,24,10,9,4,4
0.0,12.0,24,9,9,4,4
0.0,10.0,24,8,9,4,4
0.0,8.0,24,7,9,4,4
0.0,6.0,24,6,9,4,4
0.0,4.0,24,5,9,4,4
0.0,2.0,24,4,9,4,4
12.0,-34.0,24,3,9,4,1
10.0,-34.0,11,23,3,1,1
8.0,-34.0,11,22,3,1,1
6.0,-34.0,11,21,3,1,1
4.0,-34.0,11,20,3,1,1
2.0,-34.0,22,19,3,1,1
0.0,-34.0,22,18,3,1,3
0.0,-32.0,6,21,18,3,3
0.0,-30.0,6,20,18,3,3
0.0,-28.0,6,19,18,3,3
0.0,-26.0,6,18,18,3,3
0.0,-24.0,6,17,18,3,3
0.0,-22.0,6,16,18,3,3
0.0,-20.0,6,15,18,3,3
0.0,-18.0,15,14,18,3,3
0.0,-16.0,15,13,18,3,3
0.0,-14.0,15,12,18,3,3
0.0,-12.0,15,11,18,3,3
0.0,-10.0,15,10,18,3,3
0.0,-8.0,15,9,18,3,3
0.0,-6.0,15,8,18,3,3
0.0,-4.0,15,7,18,3,3
0.0,-2.0,15,6,18,3,3
4.0,2.0,15,5,18,3,2
6.0,2.0,17,14,5,2,2
8.0,2.0,17,13,5,2,2
10.0,2.0,20,12,5,2,2
12.0,2.0,20,11,5,2,2
14.0,2.0,20,10,5,2,2
16.0,2.0,20,9,5,2,2
18.0,2.0,20,8,5,2,4
18.0,0.0,7,19,8,4,4
18.0,-2.0,7,18,8,4,4
18.0,-4.0,7,17,8,4,4
18.0,-6.0,7,16,8,4,4
18.0,-8.0,7,15,8,4,4
18.0,-10.0,7,14,8,4,4
18.0,-12.0,7,13,8,4,1
16.0,-12.0,7,24,13,1,1
14.0,-12.0,7,23,13,1,1
12.0,-12.0,7,22,13,1,1
10.0,-12.0,7,21,13,1,1
8.0,-12.0,7,20,13,1,1
6.0,-12.0,7,19,13,1,1
4.0,-12.0,7,18,13,1,1
2.0,-12.0,12,17,13,1,1
0.0,-12.0,12,16,13,1,3
0.0,-10.0,9,11,16,3,3
0.0,-8.0,9,10,16,3,3
0.0,-6.0,9,9,16,3,3
0.0,-4.0,9,8,16,3,3
0.0,-2.0,9,7,16,3,3
22.0,12.0,9,6,16,3,3
22.0,14.0,17,5,16,3,3
22.0,16.0,17,4,16,3,2
24.0,16.0,8,16,4,2,2
26.0,16.0,8,15,4,2,2
28.0,16.0,8,14,4,2,2
30.0,16.0,8,13,4,2,2
32.0,16.0,8,12,4,2,2
34.0,16.0,8,11,4,2,2
36.0,16.0,8,10,4,2,4
36.0,14.0,7,20,10,4,4
36.0,12.0,7,19,10,4,4
36.0,10.0,7,18,10,4,4
36.0,8.0,7,17,10,4,4
36.0,6.0,7,16,10,4,4
36.0,4.0,7,15,10,4,4
36.0,2.0,7,14,10,4,4
36.0,0.0,23,13,10,4,4
36.0,-2.0,23,12,10,4,1
34.0,-2.0,9,22,12,1,1
32.0,-2.0,9,21,12,1,1
30.0,-2.0,9,20,12,1,1
28.0,-2.0,9,19,12,1,1
26.0,-2.0,9,18,12,1,1
24.0,-2.0,9,17,12,1,1
22.0,-2.0,13,16,12,1,1
20.0,-2.0,13,15,12,1,1
18.0,-2.0,13,14,12,1,1
16.0,-2.0,13,13,12,1,1
14.0,-2.0,13,12,12,1,1
12.0,-2.0,13,11,12,1,1
10.0,-2.0,13,10,12,1,1
8.0,-2.0,13,9,12,1,1
6.0,-2.0,13,8,12,1,1
4.0,-2.0,13,7,12,1,1
2.0,-2.0,13,6,12,1,1
0.0,-2.0,13,5,12,1,3
-28.0,-14.0,18,12,5,3,3
-28.0,-12.0,18,11,5,3,3
-28.0,-10.0,28,10,5,3,3
-28.0,-8.0,28,9,5,3,3
-28.0,-6.0,28,8,5,3,3
-28.0,-4.0,28,7,5,3,3
-28.0,-2.0,28,6,5,3,3
-28.0,0.0,28,5,5,3,2
-26.0,0.0,8,27,5,2,2
-24.0,0.0,8,26,5,2,2
-22.0,0.0,8,25,5,2,2
-20.0,0.0,8,24,5,2,2
-18.0,0.0,8,23,5,2,2
-16.0,0.0,8,22,5,2,2
-14.0,0.0,8,21,5,2,2
-12.0,0.0,20,20,5,2,2
-10.0,0.0,20,19,5,2,2
-8.0,0.0,20,18,5,2,2
-6.0,0.0,20,17,5,2,2
-4.0,0.0,20,16,5,2,2
-2.0,0.0,20,15,5,2,2
24.0,32.0,20,14,5,2,2
26.0,32.0,20,13,5,2,2
28.0,32.0,20,12,5,2,2
30.0,32.0,20,11,5,2,2
32.0,32.0,20,10,5,2,4
32.0,30.0,18,19,10,4,4
32.0,28.0,18,18,10,4,4
32.0,26.0,18,17,10,4,4
32.0,24.0,23,16,10,4,4
32.0,22.0,23,15,10,4,4
32.0,20.0,23,14,10,4,4
32.0,18.0,23,13,10,4,4
32.0,16.0,23,12,10,4,4
32.0,14.0,23,11,10,4,4
32.0,12.0,23,10,10,4,4
32.0,10.0,23,9,10,4,4
32.0,8.0,23,8,10,4,4
32.0,6.0,23,7,10,4,4
32.0,4.0,23,6,10,4,4
32.0,2.0,23,5,10,4,4
32.0,0.0,23,4,10,4,1
30.0,0.0,16,22,4,1,1
28.0,0.0,16,21,4,1,1
26.0,0.0,16,20,4,1,1
24.0,0.0,16,19,4,1,1
22.0,0.0,21,18,4,1,1
20.0,0.0,21,17,4,1,1
18.0,0.0,21,16,4,1,1
16.0,0.0,21,15,4,1,1
14.0,0.0,21,14,4,1,1
12.0,0.0,21,13,4,1,1
10.0,0.0,21,12,4,1,1
8.0,0.0,21,11,4,1,1
6.0,0.0,21,10,4,1,1
4.0,0.0,21,9,4,1,1
2.0,0.0,21,8,4,1,1
6.0,6.0,21,7,4,1,3
6.0,8.0,16,20,7,3,3
6.0,10.0,16,19,7,3,3
6.0,12.0,16,18,7,3,3
6.0,14.0,16,17,7,3,3
6.0,16.0,26,16,7,3,3
6.0,18.0,26,15,7,3,3
6.0,20.0,26,14,7,3,3
6.0,22.0,26,13,7,3,3
6.0,24.0,26,12,7,3,3
6.0,26.0,26,11,7,3,1
4.0,26.0,11,6,14,1,1
2.0,26.0,11,5,14,1,1
0.0,26.0,11,4,14,1,1
-2.0,26.0,11,3,14,1,1
-4.0,26.0,11,2,14,1,4
-4.0,24.0,2,13,5,4,4
-4.0,22.0,2,12,5,4,4
-4.0,20.0,2,11,5,4,4
-4.0,18.0,2,10,5,4,4
-4.0,16.0,2,9,5,4,4
-4.0,14.0,2,8,5,4,4
-4.0,12.0,2,7,5,4,4
-4.0,10.0,2,6,5,4,4
-4.0,8.0,2,5,5,4,4
-4.0,6.0,2,4,5,4,4
-4.0,4.0,2,3,31,4,4
-4.0,2.0,2,2,31,4,4
-4.0,0.0,2,1,31,4,2
-2.0,0.0,1,30,13,2,2
-4.0,-40.0,1,29,13,2,2
-2.0,-40.0,1,28,13,2,2
0.0,-40.0,1,27,13,2,2
2.0,-40.0,1,26,10,2,2
4.0,-40.0,1,25,24,2,2
6.0,-40.0,1,24,24,2,3
6.0,-38.0,24,23,7,3,3
6.0,-36.0,24,22,7,3,3
6.0,-34.0,24,21,7,3,3
6.0,-32.0,24,20,7,3,3
6.0,-30.0,24,19,7,3,3
6.0,-28.0,24,18,7,3,3
6.0,-26.0,24,17,7,3,3
6.0,-24.0,24,16,7,3,3
6.0,-22.0,24,15,7,3,3
6.0,-20.0,24,14,9,3,1
4.0,-20.0,14,8,10,1,1
2.0,-20.0,14,7,10,1,1
0.0,-20.0,14,6,10,1,1
-2.0,-20.0,14,5,10,1,3
-2.0,-18.0,28,13,5,3,3
-2.0,-16.0,28,12,5,3,3
-2.0,-14.0,28,11,5,3,3
-2.0,-12.0,28,10,5,3,3
-2.0,-10.0,28,9,5,3,3
-2.0,-8.0,28,8,5,3,3
-2.0,-6.0,28,7,5,3,3
-2.0,-4.0,28,6,5,3,3
-2.0,-2.0,28,5,5,3,3
-2.0,0.0,28,4,5,3,2
-24.0,-4.0,10,27,4,2,2
-22.0,-4.0,10,26,4,2,2
-20.0,-4.0,10,25,4,2,2
-18.0,-4.0,10,24,4,2,2
-16.0,-4.0,21,23,4,2,2
-14.0,-4.0,21,22,4,2,2
-12.0,-4.0,21,21,4,2,2
-10.0,-4.0,21,20,4,2,3
-10.0,-2.0,20,3,13,3,3
-10.0,0.0,20,2,13,3,2
-8.0,0.0,23,19,2,2,2
-6.0,0.0,23,18,2,2,2
-4.0,0.0,23,17,2,2,2
-2.0,0.0,23,16,2,2,2
34.0,24.0,23,15,2,2,2
36.0,24.0,23,14,2,2,2
38.0,24.0,23,13,2,2,2
40.0,24.0,23,12,2,2,2
42.0,24.0,23,11,2,2,4
42.0,22.0,9,22,11,4,4
42.0,20.0,9,21,11,4,4
42.0,18.0,17,20,11,4,4
42.0,16.0,17,19,11,4,4
42.0,14.0,17,18,11,4,1
40.0,14.0,5,16,18,1,1
38.0,14.0,5,20,18,1,1
36.0,14.0,5,19,18,1,1
34.0,14.0,5,18,18,1,1
32.0,14.0,5,17,18,1,1
30.0,14.0,5,16,18,1,1
28.0,14.0,5,15,18,1,1
26.0,14.0,5,14,18,1,1
24.0,14.0,3,13,18,1,1
22.0,14.0,3,12,18,1,1
20.0,14.0,7,11,18,1,1
18.0,14.0,7,10,18,1,1
16.0,14.0,7,9,18,1,1
14.0,14.0,7,8,18,1,1
12.0,14.0,7,7,18,1,1
10.0,14.0,7,6,18,1,1
8.0,14.0,7,5,18,1,1
6.0,14.0,7,4,18,1,1
4.0,14.0,7,3,18,1,1
2.0,14.0,7,2,18,1,1
0.0,14.0,7,1,18,1,4
0.0,12.0,1,17,32,4,4
0.0,10.0,1,16,32,4,4
0.0,8.0,1,15,32,4,4
0.0,6.0,1,14,32,4,4
0.0,4.0,1,13,32,4,4
0.0,2.0,1,12,32,4,4
-4.0,18.0,1,11,32,4,4
-4.0,16.0,1,10,32,4,2
-2.0,16.0,10,31,8,2,2
0.0,16.0,10,30,8,2,2
2.0,16.0,10,29,8,2,2
4.0,16.0,10,28,8,2,2
6.0,16.0,10,27,8,2,2
8.0,16.0,10,26,8,2,2
10.0,16.0,10,25,8,2,2
12.0,16.0,10,24,8,2,2
14.0,16.0,10,23,8,2,2
16.0,16.0,10,22,8,2,2
18.0,16.0,10,21,15,2,2
20.0,16.0,10,20,15,2,2
22.0,16.0,10,19,15,2,2
24.0,16.0,10,18,15,2,2
26.0,16.0,10,17,15,2,4
26.0,14.0,16,9,17,4,4
26.0,12.0,16,8,17,4,1
24.0,12.0,2,15,8,1,1
22.0,12.0,2,14,8,1,1
20.0,12.0,2,13,8,1,1
18.0,12.0,2,12,8,1,1
16.0,12.0,2,11,8,1,1
14.0,12.0,2,10,8,1,1
12.0,12.0,2,9,8,1,1
10.0,12.0,2,8,8,1,1
8.0,12.0,2,7,8,1,1
6.0,12.0,2,6,8,1,1
4.0,12.0,2,5,8,1,1
2.0,12.0,2,4,8,1,1
0.0,12.0,2,3,8,1,1
-2.0,12.0,17,2,8,1,4
-2.0,10.0,2,7,31,4,4
-2.0,8.0,2,6,31,4,4
-2.0,6.0,2,5,31,4,4
-2.0,4.0,2,4,31,4,4
-2.0,2.0,2,3,31,4,4
-2.0,0.0,2,2,31,4,2
-28.0,-30.0,2,30,6,2,2
-26.0,-30.0,2,29,6,2,2
-24.0,-30.0,2,28,6,2,2
-22.0,-30.0,2,27,6,2,2
-20.0,-30.0,2,26,6,2,2
-18.0,-30.0,2,25,6,2,2
-16.0,-30.0,2,24,6,2,2
-14.0,-30.0,2,23,6,2,2
-12.0,-30.0,2,22,6,2,2
-10.0,-30.0,2,21,6,2,2
-8.0,-30.0,2,20,6,2,2
-6.0,-30.0,2,19,6,2,2
-4.0,-30.0,2,18,23,2,2
-2.0,-30.0,2,17,23,2,3
-2.0,-28.0,17,22,14,3,3
-2.0,-26.0,17,21,14,3,3
-2.0,-24.0,17,20,14,3,3
-2.0,-22.0,17,19,14,3,3
-2.0,-20.0,17,18,14,3,3
-2.0,-18.0,17,17,10,3,3
-2.0,-16.0,17,16,16,3,3
-2.0,-14.0,17,15,16,3,3
-2.0,-12.0,17,14,16,3,3
-2.0,-10.0,17,13,16,3,3
-2.0,-8.0,17,12,16,3,3
-2.0,-6.0,17,11,16,3,3
-2.0,-4.0,17,10,16,3,3
-2.0,-2.0,17,9,16,3,2
0.0,-2.0,16,16,9,2,2
2.0,-2.0,16,15,9,2,2
4.0,-2.0,16,14,9,2,2
6.0,-2.0,16,13,9,2,2
8.0,-2.0,16,12,9,2,2
10.0,-2.0,16,11,9,2,2
12.0,-2.0,16,10,9,2,2
14.0,-2.0,16,9,9,2,2
16.0,-2.0,16,8,9,2,2
18.0,-2.0,16,7,9,2,2
20.0,-2.0,16,6,9,2,2
22.0,-2.0,16,5,9,2,2
24.0,-2.0,16,4,9,2,3
24.0,0.0,4,8,29,3,1
22.0,0.0,8,28,1,1,1
20.0,0.0,8,27,1,1,1
18.0,0.0,8,26,1,1,1
16.0,0.0,8,25,1,1,1
14.0,0.0,8,24,1,1,1
12.0,0.0,8,23,1,1,1
10.0,0.0,8,22,1,1,1
8.0,0.0,8,21,1,1,1
6.0,0.0,8,20,1,1,1
4.0,0.0,8,19,1,1,1
2.0,0.0,8,18,1,1,1
-16.0,4.0,8,17,1,1,1
-18.0,4.0,8,16,1,1,1
-20.0,4.0,8,15,17,1,1
-22.0,4.0,8,14,17,1,1
-24.0,4.0,8,13,17,1,1
-26.0,4.0,8,12,17,1,1
-28.0,4.0,8,11,17,1,1
-30.0,4.0,8,10,17,1,1
-32.0,4.0,8,9,17,1,4
-32.0,2.0,9,16,11,4,4
-32.0,0.0,9,15,24,4,2
-30.0,0.0,15,23,2,2,2
-28.0,0.0,15,22,2,2,2
-26.0,0.0,15,21,2,2,2
-24.0,0.0,15,20,2,2,2
-22.0,0.0,15,19,2,2,2
-20.0,0.0,15,18,2,2,2
-18.0,0.0,15,17,2,2,2
-16.0,0.0,15,16,2,2,2
-14.0,0.0,15,15,2,2,2
-12.0,0.0,15,14,2,2,2
-10.0,0.0,15,13,2,2,2
-8.0,0.0,15,12,2,2,2
-6.0,0.0,15,11,2,2,2
-4.0,0.0,15,10,2,2,2
-2.0,0.0,15,9,10,2,2
2.0,6.0,15,8,10,2,2
4.0,6.0,15,7,10,2,2
6.0,6.0,15,6,10,2,2
8.0,6.0,15,5,10,2,4
8.0,4.0,28,14,5,4,4
8.0,2.0,28,13,5,4,4
8.0,0.0,28,12,5,4,1
6.0,0.0,3,27,12,1,1
4.0,0.0,3,26,12,1,1
2.0,0.0,3,25,12,1,1
30.0,18.0,3,24,12,1,1
28.0,18.0,3,23,12,1,1
26.0,18.0,3,22,12,1,1
24.0,18.0,3,21,12,1,1
22.0,18.0,3,20,12,1,1
20.0,18.0,3,19,12,1,1
18.0,18.0,3,18,12,1,1
16.0,18.0,3,17,12,1,1
14.0,18.0,3,16,12,1,1
12.0,18.0,3,15,12,1,1
10.0,18.0,3,14,12,1,1
8.0,18.0,3,13,12,1,1
6.0,18.0,13,12,12,1,1
4.0,18.0,13,11,12,1,1
2.0,18.0,13,10,12,1,1
0.0,18.0,13,9,12,1,1
-2.0,18.0,13,8,12,1,1
-4.0,18.0,13,7,12,1,1
-6.0,18.0,13,6,12,1,1
-8.0,18.0,13,5,12,1,4
-8.0,16.0,5,11,28,4,4
-8.0,14.0,5,10,28,4,4
-8.0,12.0,5,9,28,4,4
-8.0,10.0,5,8,28,4,4
-8.0,8.0,5,7,28,4,4
-8.0,6.0,5,6,28,4,4
-8.0,4.0,5,5,28,4,4
-8.0,2.0,5,4,28,4,2
-6.0,2.0,4,27,8,2,2
-4.0,2.0,4,26,8,2,2
-2.0,2.0,4,25,8,2,2
0.0,2.0,4,24,8,2,2
2.0,2.0,4,23,8,2,2
4.0,2.0,4,22,8,2,2
6.0,2.0,4,21,8,2,2
8.0,2.0,4,20,8,2,2
10.0,2.0,4,19,8,2,2
12.0,2.0,4,18,8,2,2
14.0,2.0,4,17,8,2,2
16.0,2.0,4,16,8,2,2
18.0,2.0,4,15,21,2,2
20.0,2.0,4,14,21,2,2
22.0,2.0,4,13,21,2,2
24.0,2.0,4,12,21,2,2
26.0,2.0,4,11,21,2,2
28.0,2.0,4,10,21,2,2
30.0,2.0,4,9,21,2,2
32.0,2.0,4,8,21,2,4
32.0,0.0,25,3,8,4,1
30.0,0.0,1,24,3,1,1
28.0,0.0,1,23,3,1,1
26.0,0.0,1,22,3,1,1
24.0,0.0,1,21,3,1,1
22.0,0.0,1,20,3,1,1
20.0,0.0,1,19,3,1,1
18.0,0.0,1,18,3,1,1
16.0,0.0,1,17,3,1,1
14.0,0.0,1,16,3,1,1
12.0,0.0,1,15,3,1,1
10.0,0.0,1,14,3,1,1
8.0,0.0,1,13,3,1,1
6.0,0.0,1,12,3,1,1
4.0,0.0,1,11,3,1,1
2.0,0.0,1,10,3,1,1
12.0,-22.0,1,9,3,1,1
10.0,-22.0,22,8,3,1,1
8.0,-22.0,22,7,3,1,1
6.0,-22.0,22,6,3,1,1
4.0,-22.0,22,5,3,1,1
2.0,-22.0,22,4,3,1,3
2.0,-20.0,10,21,4,3,3
2.0,-18.0,29,20,4,3,3
2.0,-16.0,29,19,4,3,3
2.0,-14.0,29,18,4,3,3
2.0,-12.0,29,17,4,3,1
0.0,-12.0,17,3,8,1,1
-2.0,-12.0,17,2,8,1,3
-2.0,-10.0,31,16,2,3,3
-2.0,-8.0,31,15,2,3,3
-2.0,-6.0,31,14,2,3,3
-2.0,-4.0,31,13,2,3,3
-2.0,-2.0,31,12,2,3,3
-2.0,0.0,31,11,2,3,2
-36.0,2.0,6,30,11,2,2
-34.0,2.0,6,29,11,2,2
-32.0,2.0,11,28,11,2,2
-30.0,2.0,11,27,11,2,2
-28.0,2.0,11,26,11,2,2
-26.0,2.0,11,25,11,2,2
-24.0,2.0,11,24,11,2,2
-22.0,2.0,11,23,11,2,2
-20.0,2.0,11,22,11,2,2
-18.0,2.0,11,21,11,2,4
-18.0,0.0,10,10,21,4,2
-16.0,0.0,10,20,12,2,2
-14.0,0.0,13,19,12,2,2
-12.0,0.0,13,18,12,2,2
-10.0,0.0,13,17,12,2,2
-8.0,0.0,13,16,12,2,2
-6.0,0.0,13,15,12,2,2
-4.0,0.0,13,14,12,2,2
-2.0,0.0,13,13,12,2,2
-8.0,6.0,13,12,12,2,2
-6.0,6.0,13,11,12,2,2
-4.0,6.0,13,10,12,2,2
-2.0,6.0,13,9,12,2,2
0.0,6.0,13,8,12,2,2
2.0,6.0,13,7,12,2,2
4.0,6.0,13,6,12,2,2
6.0,6.0,13,5,12,2,2
8.0,6.0,13,4,12,2,4
8.0,4.0,27,12,4,4,4
8.0,2.0,27,11,4,4,4
8.0,0.0,27,10,4,4,1
6.0,0.0,3,26,10,1,1
4.0,0.0,3,27,10,1,1
2.0,0.0,3,26,10,1,1
34.0,14.0,3,25,10,1,1
32.0,14.0,3,24,10,1,1
30.0,14.0,3,23,10,1,1
28.0,14.0,3,22,10,1,1
26.0,14.0,3,21,10,1,1
24.0,14.0,3,20,10,1,1
22.0,14.0,3,19,10,1,1
20.0,14.0,3,18,10,1,1
18.0,14.0,3,17,10,1,1
16.0,14.0,3,16,10,1,1
14.0,14.0,3,15,10,1,1
12.0,14.0,3,14,10,1,1
10.0,14.0,3,13,10,1,1
8.0,14.0,3,12,10,1,1
6.0,14.0,15,11,10,1,1
4.0,14.0,15,10,10,1,1
2.0,14.0,15,9,10,1,1
0.0,14.0,15,8,10,1,4
0.0,12.0,8,9,25,4,2
2.0,12.0,9,24,1,2,2
4.0,12.0,9,23,1,2,2
6.0,12.0,9,22,1,2,2
8.0,12.0,9,21,1,2,2
10.0,12.0,9,20,1,2,2
12.0,12.0,9,19,1,2,2
14.0,12.0,9,18,1,2,2
16.0,12.0,9,17,1,2,2
18.0,12.0,9,16,1,2,4
18.0,10.0,17,8,16,4,4
18.0,8.0,17,7,16,4,4
18.0,6.0,17,6,16,4,4
18.0,4.0,17,5,16,4,4
18.0,2.0,17,4,16,4,4
18.0,0.0,17,3,16,4,1
16.0,0.0,6,16,3,1,1
14.0,0.0,6,15,3,1,1
12.0,0.0,6,14,3,1,1
10.0,0.0,6,13,3,1,1
8.0,0.0,6,12,3,1,1
6.0,0.0,6,11,3,1,1
4.0,0.0,6,10,3,1,1
2.0,0.0,6,9,3,1,1
-40.0,-42.0,6,8,3,1,1
-42.0,-42.0,22,7,3,1,1
-44.0,-42.0,22,6,3,1,1
-46.0,-42.0,22,5,3,1,1
-48.0,-42.0,22,4,3,1,3
-48.0,-40.0,13,21,4,3,3
-48.0,-38.0,13,20,4,3,3
-48.0,-36.0,13,19,4,3,3
-48.0,-34.0,13,18,4,3,3
-48.0,-32.0,13,17,4,3,3
-48.0,-30.0,4,16,4,3,3
-48.0,-28.0,4,15,4,3,3
-48.0,-26.0,29,14,4,3,3
-48.0,-24.0,29,13,4,3,3
-48.0,-22.0,29,12,4,3,3
-48.0,-20.0,29,11,4,3,3
-48.0,-18.0,29,10,4,3,3
-48.0,-16.0,29,9,4,3,3
-48.0,-14.0,29,8,4,3,3
-48.0,-12.0,29,7,4,3,3
-48.0,-10.0,29,6,4,3,3
-48.0,-8.0,29,5,4,3,3
-48.0,-6.0,29,4,4,3,3
-48.0,-4.0,29,3,4,3,3
-48.0,-2.0,29,2,4,3,3
-48.0,0.0,29,1,4,3,2
-46.0,0.0,21,28,1,2,2
-44.0,0.0,21,27,1,2,2
-42.0,0.0,21,26,1,2,2
-40.0,0.0,21,25,1,2,2
-38.0,0.0,21,24,1,2,2
-36.0,0.0,21,23,1,2,2
-34.0,0.0,21,22,1,2,2
-32.0,0.0,21,21,1,2,2
-30.0,0.0,24,20,1,2,2
-28.0,0.0,24,19,1,2,2
-26.0,0.0,24,18,1,2,2
-24.0,0.0,24,17,1,2,2
-22.0,0.0,24,16,1,2,2
-20.0,0.0,24,15,1,2,2
-18.0,0.0,24,14,1,2,2
-16.0,0.0,24,13,1,2,2
-14.0,0.0,24,12,1,2,2
-12.0,0.0,24,11,1,2,2
-10.0,0.0,24,10,1,2,2
-8.0,0.0,24,9,1,2,2
-6.0,0.0,24,8,1,2,2
-4.0,0.0,24,7,1,2,2
-2.0,0.0,24,6,1,2,2
16.0,28.0,24,5,1,2,2
18.0,28.0,24,4,1,2,4
18.0,26.0,25,23,4,4,4
18.0,24.0,25,22,4,4,4
18.0,22.0,25,21,4,4,4
18.0,20.0,25,20,4,4,4
18.0,18.0,25,19,4,4,4
18.0,16.0,25,18,4,4,4
18.0,14.0,25,17,4,4,4
18.0,12.0,29,16,4,4,4
18.0,10.0,29,15,4,4,4
18.0,8.0,29,14,4,4,4
18.0,6.0,29,13,4,4,4
18.0,4.0,29,12,4,4,4
18.0,2.0,29,11,4,4,1
16.0,2.0,13,28,11,1,1
14.0,2.0,13,27,11,1,1
12.0,2.0,13,26,11,1,1
10.0,2.0,13,25,11,1,1
8.0,2.0,13,24,11,1,1
6.0,2.0,13,23,11,1,1
4.0,2.0,13,22,11,1,1
2.0,2.0,13,21,11,1,1
0.0,2.0,13,20,11,1,1
-2.0,2.0,13,19,11,1,1
-4.0,2.0,13,18,11,1,1
-6.0,2.0,13,17,11,1,1
-8.0,2.0,13,16,11,1,1
-10.0,2.0,14,15,11,1,1
-12.0,2.0,14,14,11,1,1
-14.0,2.0,14,13,11,1,1
-16.0,2.0,14,12,11,1,4
-16.0,0.0,12,10,21,4,2
-14.0,0.0,10,20,1,2,2
-12.0,0.0,10,19,1,2,2
-10.0,0.0,10,18,1,2,2
-8.0,0.0,10,17,1,2,2
-6.0,0.0,10,16,1,2,2
-4.0,0.0,10,15,1,2,2
-2.0,0.0,10,14,1,2,2
24.0,-24.0,10,13,1,2,2
26.0,-24.0,10,12,1,2,2
28.0,-24.0,10,11,1,2,2
30.0,-24.0,10,10,1,2,2
32.0,-24.0,10,9,1,2,2
34.0,-24.0,10,8,1,2,4
34.0,-26.0,25,9,8,4,1
32.0,-26.0,1,24,9,1,1
30.0,-26.0,1,23,9,1,1
28.0,-26.0,1,22,9,1,1
26.0,-26.0,1,21,9,1,1
24.0,-26.0,1,20,9,1,1
22.0,-26.0,1,19,9,1,1
20.0,-26.0,1,18,9,1,1
18.0,-26.0,1,17,9,1,1
16.0,-26.0,1,16,9,1,1
14.0,-26.0,1,15,9,1,1
12.0,-26.0,1,14,9,1,1
10.0,-26.0,1,13,9,1,1
8.0,-26.0,1,12,9,1,1
6.0,-26.0,16,11,9,1,1
4.0,-26.0,16,10,9,1,1
2.0,-26.0,16,9,9,1,1
0.0,-26.0,16,8,9,1,1
-2.0,-26.0,16,7,9,1,3
-2.0,-24.0,5,15,7,3,3
-2.0,-22.0,5,14,7,3,3
-2.0,-20.0,26,13,7,3,3
-2.0,-18.0,26,12,7,3,3
-2.0,-16.0,26,11,7,3,3
-2.0,-14.0,26,10,7,3,3
-2.0,-12.0,26,9,7,3,3
-2.0,-10.0,26,8,7,3,3
-2.0,-8.0,26,7,7,3,3
-2.0,-6.0,26,6,7,3,3
-2.0,-4.0,26,5,7,3,3
-2.0,-2.0,26,4,7,3,3
-2.0,0.0,26,3,7,3,2
-22.0,14.0,13,25,3,2,2
-20.0,14.0,13,24,3,2,2
-18.0,14.0,13,23,3,2,2
-16.0,14.0,13,22,3,2,2
-14.0,14.0,13,21,3,2,2
-12.0,14.0,13,20,3,2,2
-10.0,14.0,13,19,3,2,4
-10.0,12.0,7,12,19,4,4
-10.0,10.0,7,11,19,4,4
-10.0,8.0,7,10,19,4,4
-10.0,6.0,7,9,19,4,4
-10.0,4.0,7,8,19,4,4
-10.0,2.0,7,7,19,4,4
-10.0,0.0,7,6,19,4,2
-8.0,0.0,6,18,10,2,2
-6.0,0.0,6,17,10,2,2
-4.0,0.0,6,16,10,2,2
-2.0,0.0,15,15,10,2,2
32.0,-6.0,15,14,10,2,2
34.0,-6.0,15,13,10,2,2
36.0,-6.0,15,12,10,2,2
38.0,-6.0,15,11,10,2,2
40.0,-6.0,15,10,10,2,2
42.0,-6.0,15,9,10,2,4
42.0,-8.0,17,14,9,4,4
42.0,-10.0,17,13,9,4,1
40.0,-10.0,2,16,13,1,1
38.0,-10.0,2,15,13,1,1
36.0,-10.0,2,14,13,1,1
34.0,-10.0,2,13,13,1,1
32.0,-10.0,2,12,13,1,1
30.0,-10.0,2,11,13,1,1
28.0,-10.0,2,10,13,1,1
26.0,-10.0,2,16,13,1,1
24.0,-10.0,2,15,13,1,1
22.0,-10.0,2,14,13,1,1
20.0,-10.0,9,13,13,1,1
18.0,-10.0,9,12,13,1,1
16.0,-10.0,9,11,13,1,1
14.0,-10.0,9,10,13,1,1
12.0,-10.0,9,9,13,1,1
10.0,-10.0,9,8,13,1,1
8.0,-10.0,12,7,13,1,1
6.0,-10.0,12,6,13,1,1
4.0,-10.0,12,5,13,1,1
2.0,-10.0,12,4,13,1,1
0.0,-10.0,12,3,13,1,1
-2.0,-10.0,12,2,13,1,3
-2.0,-8.0,22,11,2,3,3
-2.0,-6.0,12,10,2,3,3
-2.0,-4.0,12,9,2,3,3
-2.0,-2.0,12,8,2,3,3
-2.0,0.0,12,7,2,3,2
-56.0,14.0,5,11,7,2,2
-54.0,14.0,5,29,7,2,2
-52.0,14.0,5,28,7,2,2
-50.0,14.0,5,27,7,2,2
-48.0,14.0,5,26,7,2,2
-46.0,14.0,5,25,7,2,2
-44.0,14.0,5,24,7,2,2
-42.0,14.0,5,23,7,2,2
-40.0,14.0,5,22,7,2,2
-38.0,14.0,5,21,7,2,2
-36.0,14.0,5,20,7,2,2
-34.0,14.0,5,19,7,2,2
-32.0,14.0,5,18,7,2,2
-30.0,14.0,5,17,7,2,2
-28.0,14.0,5,16,7,2,2
-26.0,14.0,5,15,7,2,2
-24.0,14.0,5,14,7,2,2
-22.0,14.0,5,13,7,2,2
-20.0,14.0,5,12,7,2,2
-18.0,14.0,18,11,7,2,2
-16.0,14.0,18,10,7,2,2
-14.0,14.0,18,9,7,2,2
-12.0,14.0,18,8,7,2,2
-10.0,14.0,18,7,7,2,2
-8.0,14.0,18,6,7,2,2
-6.0,14.0,18,5,7,2,2
-4.0,14.0,18,4,7,2,2
-2.0,14.0,18,3,7,2,2
0.0,14.0,18,2,7,2,4
0.0,12.0,29,17,2,4,4
0.0,10.0,29,16,2,4,4
0.0,8.0,29,15,2,4,4
0.0,6.0,29,14,2,4,4
0.0,4.0,25,13,2,4,4
0.0,2.0,31,12,2,4,4
30.0,-26.0,31,11,2,4,1
28.0,-26.0,7,30,11,1,1
26.0,-26.0,7,29,11,1,1
24.0,-26.0,7,28,11,1,1
22.0,-26.0,7,27,11,1,1
20.0,-26.0,7,26,11,1,1
18.0,-26.0,7,25,11,1,1
16.0,-26.0,7,24,11,1,1
14.0,-26.0,7,23,11,1,1
12.0,-26.0,7,22,11,1,1
10.0,-26.0,7,21,11,1,1
8.0,-26.0,7,20,11,1,1
6.0,-26.0,7,19,11,1,1
4.0,-26.0,7,18,11,1,1
2.0,-26.0,7,17,11,1,1
0.0,-26.0,7,16,11,1,1
-2.0,-26.0,7,15,11,1,1
-4.0,-26.0,7,14,11,1,1
-6.0,-26.0,7,13,11,1,1
-8.0,-26.0,14,12,11,1,1
-10.0,-26.0,14,11,11,1,1
-12.0,-26.0,14,10,11,1,1
-14.0,-26.0,14,9,11,1,1
-16.0,-26.0,14,8,11,1,1
-18.0,-26.0,14,7,11,1,3
-18.0,-24.0,24,13,7,3,3
-18.0,-22.0,24,12,7,3,3
-18.0,-20.0,24,11,7,3,3
-18.0,-18.0,24,10,7,3,3
-18.0,-16.0,24,9,7,3,3
-18.0,-14.0,24,8,7,3,3
-18.0,-12.0,18,7,7,3,3
-18.0,-10.0,26,6,7,3,3
-18.0,-8.0,26,5,7,3,3
-18.0,-6.0,26,4,7,3,3
-18.0,-4.0,26,3,7,3,3
-18.0,-2.0,26,2,7,3,3
-18.0,0.0,26,1,7,3,2
-16.0,0.0,13,25,1,2,2
-14.0,0.0,13,24,1,2,2
-12.0,0.0,13,23,1,2,2
-10.0,0.0,13,22,1,2,2
-8.0,0.0,13,21,1,2,2
-6.0,0.0,13,20,1,2,2
-4.0,0.0,13,19,1,2,2
-2.0,0.0,13,18,1,2,2
14.0,24.0,13,17,1,2,2
16.0,24.0,13,16,1,2,2
18.0,24.0,13,15,1,2,2
20.0,24.0,13,14,1,2,2
22.0,24.0,13,13,1,2,2
24.0,24.0,13,12,1,2,2
26.0,24.0,13,11,1,2,2
28.0,24.0,13,10,1,2,2
30.0,24.0,24,9,1,2,2
32.0,24.0,24,8,1,2,2
34.0,24.0,24,7,1,2,2
36.0,24.0,24,6,1,2,4
36.0,22.0,20,23,6,4,4
36.0,20.0,20,22,6,4,4
36.0,18.0,20,21,6,4,4
36.0,16.0,20,20,6,4,4
36.0,14.0,20,19,6,4,4
36.0,12.0,20,18,6,4,4
36.0,10.0,20,17,6,4,4
36.0,8.0,20,16,6,4,4
36.0,6.0,20,15,6,4,4
36.0,4.0,20,14,6,4,4
36.0,2.0,20,13,6,4,4
36.0,0.0,20,12,6,4,1
34.0,0.0,12,19,12,1,1
32.0,0.0,12,25,12,1,1
30.0,0.0,12,24,12,1,1
28.0,0.0,12,23,12,1,1
26.0,0.0,12,22,12,1,1
24.0,0.0,12,21,12,1,1
22.0,0.0,12,20,12,1,1
20.0,0.0,12,19,12,1,1
18.0,0.0,12,18,12,1,1
16.0,0.0,12,17,12,1,1
14.0,0.0,12,16,12,1,1
12.0,0.0,12,15,12,1,1
10.0,0.0,12,14,12,1,1
8.0,0.0,12,13,12,1,1
6.0,0.0,12,12,12,1,1
4.0,0.0,12,11,12,1,1
2.0,0.0,13,10,12,1,1
-24.0,20.0,13,9,12,1,1
-26.0,20.0,13,8,12,1,1
-28.0,20.0,13,7,12,1,1
-30.0,20.0,13,6,12,1,4
-30.0,18.0,6,11,27,4,4
-30.0,16.0,6,10,27,4,4
-30.0,14.0,6,9,27,4,4
-30.0,12.0,6,8,27,4,4
-30.0,10.0,6,7,27,4,4
-30.0,8.0,6,6,27,4,4
-30.0,6.0,6,5,27,4,4
-30.0,4.0,6,4,27,4,4
-30.0,2.0,6,3,27,4,4
-30.0,0.0,6,2,27,4,2
-28.0,0.0,2,26,10,2,2
-26.0,0.0,2,25,10,2,2
-24.0,0.0,2,24,10,2,2
-22.0,0.0,2,23,10,2,2
-20.0,0.0,2,22,10,2,2
-18.0,0.0,2,21,10,2,2
-16.0,0.0,2,20,10,2,2
-14.0,0.0,2,19,10,2,2
-12.0,0.0,2,18,10,2,2
-10.0,0.0,2,17,10,2,2
-8.0,0.0,2,16,10,2,2
-6.0,0.0,2,15,10,2,2
-4.0,0.0,2,14,10,2,2
-2.0,0.0,2,13,10,2,2
18.0,-28.0,2,12,10,2,2
20.0,-28.0,2,11,10,2,2
22.0,-28.0,2,10,10,2,2
24.0,-28.0,2,9,10,2,2
26.0,-28.0,2,8,23,2,2
28.0,-28.0,2,7,23,2,2
30.0,-28.0,2,6,23,2,3
30.0,-26.0,6,22,21,3,3
30.0,-24.0,6,21,21,3,3
30.0,-22.0,6,20,21,3,3
30.0,-20.0,6,19,21,3,3
30.0,-18.0,6,18,21,3,3
30.0,-16.0,6,17,21,3,3
30.0,-14.0,6,16,21,3,3
30.0,-12.0,6,15,21,3,3
30.0,-10.0,6,14,21,3,3
30.0,-8.0,6,13,15,3,3
30.0,-6.0,6,12,27,3,3
30.0,-4.0,6,11,27,3,3
30.0,-2.0,6,10,27,3,1
28.0,-2.0,10,26,13,1,1
26.0,-2.0,10,25,13,1,1
24.0,-2.0,10,24,13,1,1
22.0,-2.0,10,23,13,1,1
20.0,-2.0,10,22,13,1,1
18.0,-2.0,10,21,13,1,1
16.0,-2.0,10,20,13,1,1
14.0,-2.0,10,19,13,1,1
12.0,-2.0,10,18,13,1,1
10.0,-2.0,10,17,13,1,1
8.0,-2.0,10,16,13,1,1
6.0,-2.0,10,15,13,1,1
4.0,-2.0,10,14,13,1,1
2.0,-2.0,10,13,13,1,3
2.0,0.0,20,9,13,3,3
2.0,2.0,20,8,13,3,3
2.0,4.0,20,7,13,3,3
2.0,6.0,20,6,13,3,3
2.0,8.0,20,5,13,3,3
2.0,10.0,20,4,13,3,3
2.0,12.0,20,3,13,3,1
0.0,12.0,3,12,22,1,1
-2.0,12.0,3,11,22,1,4
-2.0,10.0,11,21,2,4,4
-2.0,8.0,11,20,2,4,4
-2.0,6.0,11,19,2,4,4
-2.0,4.0,11,18,2,4,4
-2.0,2.0,11,17,2,4,4
-2.0,0.0,11,16,2,4,4
-2.0,-2.0,11,15,2,4,4
-2.0,-4.0,11,14,16,4,4
-2.0,-6.0,11,13,16,4,4
-2.0,-8.0,11,12,16,4,4
-2.0,-10.0,11,11,16,4,4
-2.0,-12.0,11,10,16,4,4
-2.0,-14.0,11,9,16,4,4
-2.0,-16.0,11,8,16,4,4
-2.0,-18.0,11,7,16,4,2
0.0,-18.0,7,15,15,2,2
2.0,-18.0,7,20,8,2,2
4.0,-18.0,7,19,8,2,2
6.0,-18.0,7,18,8,2,2
8.0,-18.0,7,17,8,2,2
10.0,-18.0,7,16,8,2,2
12.0,-18.0,7,15,8,2,2
14.0,-18.0,7,14,8,2,2
16.0,-18.0,7,13,8,2,2
18.0,-18.0,7,12,8,2,2
20.0,-18.0,7,11,8,2,2
22.0,-18.0,7,10,8,2,2
24.0,-18.0,7,9,18,2,2
26.0,-18.0,7,8,18,2,2
28.0,-18.0,7,7,18,2,2
30.0,-18.0,7,6,18,2,2
32.0,-18.0,7,5,18,2,2
34.0,-18.0,7,4,18,2,2
36.0,-18.0,7,3,18,2,2
38.0,-18.0,7,2,18,2,3
38.0,-16.0,2,17,20,3,3
38.0,-14.0,2,16,20,3,3
38.0,-12.0,2,15,20,3,3
38.0,-10.0,2,14,20,3,3
38.0,-8.0,2,13,20,3,3
38.0,-6.0,2,12,20,3,3
38.0,-4.0,2,11,20,3,3
38.0,-2.0,2,10,20,3,1
36.0,-2.0,10,19,8,1,1
34.0,-2.0,10,18,8,1,1
32.0,-2.0,10,17,8,1,1
30.0,-2.0,10,16,8,1,1
28.0,-2.0,10,15,8,1,1
26.0,-2.0,10,14,8,1,1
24.0,-2.0,10,13,8,1,1
22.0,-2.0,10,12,8,1,1
20.0,-2.0,10,11,8,1,1
18.0,-2.0,10,10,8,1,1
16.0,-2.0,10,9,8,1,1
14.0,-2.0,10,19,8,1,1
12.0,-2.0,10,18,8,1,1
10.0,-2.0,10,17,8,1,1
8.0,-2.0,10,16,8,1,1
6.0,-2.0,10,15,8,1,1
4.0,-2.0,10,14,8,1,1
2.0,-2.0,10,13,8,1,1
0.0,-2.0,10,12,8,1,3
12.0,-12.0,21,9,12,3,3
12.0,-10.0,21,8,12,3,3
12.0,-8.0,21,7,12,3,3
12.0,-6.0,21,6,12,3,3
12.0,-4.0,21,5,12,3,3
12.0,-2.0,21,4,12,3,3
12.0,0.0,21,3,12,3,1
10.0,0.0,3,11,22,1,1
8.0,0.0,3,10,22,1,1
6.0,0.0,3,9,22,1,1
4.0,0.0,3,8,22,1,1
2.0,0.0,3,7,22,1,1
-30.0,16.0,3,6,22,1,1
-32.0,16.0,3,5,22,1,4
-32.0,14.0,5,21,7,4,4
-32.0,12.0,5,20,7,4,4
-32.0,10.0,5,19,7,4,4
-32.0,8.0,5,18,7,4,4
-32.0,6.0,5,17,7,4,4
-32.0,4.0,5,16,7,4,4
-32.0,2.0,5,15,7,4,4
-32.0,0.0,5,14,26,4,4
-32.0,-2.0,5,13,26,4,4
-32.0,-4.0,5,12,26,4,4
-32.0,-6.0,5,11,26,4,4
-32.0,-8.0,5,10,28,4,4
-32.0,-10.0,5,9,28,4,4
-32.0,-12.0,5,8,28,4,4
-32.0,-14.0,5,7,28,4,2
-30.0,-14.0,7,27,15,2,2
-28.0,-14.0,7,26,15,2,2
-26.0,-14.0,7,25,15,2,2
-24.0,-14.0,7,24,15,2,2
-22.0,-14.0,7,23,15,2,3
-22.0,-12.0,23,14,5,3,3
-22.0,-10.0,23,13,5,3,3
-22.0,-8.0,23,12,5,3,3
-22.0,-6.0,23,11,5,3,3
-22.0,-4.0,23,10,5,3,3
-22.0,-2.0,23,9,5,3,3
-22.0,0.0,23,8,5,3,2
-20.0,0.0,14,22,8,2,2
-18.0,0.0,14,21,1,2,2
-16.0,0.0,14,20,1,2,2
-14.0,0.0,14,19,1,2,2
-12.0,0.0,14,18,1,2,2
-10.0,0.0,14,17,11,2,2
-8.0,0.0,14,16,11,2,2
-6.0,0.0,14,15,11,2,2
-4.0,0.0,14,14,11,2,2
-2.0,0.0,14,13,11,2,2
24.0,16.0,14,12,11,2,2
26.0,16.0,14,11,11,2,2
28.0,16.0,14,10,11,2,2
30.0,16.0,14,9,11,2,2
32.0,16.0,14,8,11,2,2
34.0,16.0,14,7,11,2,2
36.0,16.0,14,6,11,2,2
38.0,16.0,14,5,11,2,4
38.0,14.0,18,13,5,4,4
38.0,12.0,18,12,5,4,4
38.0,10.0,18,11,5,4,4
38.0,8.0,18,10,5,4,4
38.0,6.0,18,9,5,4,4
38.0,4.0,18,8,5,4,4
38.0,2.0,18,7,5,4,4
38.0,0.0,28,6,5,4,1
36.0,0.0,8,27,6,1,1
34.0,0.0,8,26,6,1,1
32.0,0.0,8,25,6,1,1
30.0,0.0,8,24,6,1,1
28.0,0.0,8,23,6,1,1
26.0,0.0,8,22,6,1,1
24.0,0.0,8,21,6,1,1
22.0,0.0,8,20,6,1,1
20.0,0.0,8,19,6,1,1
18.0,0.0,8,18,6,1,1
16.0,0.0,8,17,6,1,1
14.0,0.0,8,16,6,1,1
12.0,0.0,8,15,6,1,1
10.0,0.0,8,14,6,1,1
8.0,0.0,8,13,6,1,1
6.0,0.0,8,12,6,1,1
4.0,0.0,8,11,6,1,1
2.0,0.0,2,10,6,1,1
12.0,-24.0,19,9,6,1,1
10.0,-24.0,19,8,6,1,1
8.0,-24.0,19,7,6,1,1
6.0,-24.0,19,6,6,1,1
4.0,-24.0,19,5,6,1,1
2.0,-24.0,19,4,6,1,1
0.0,-24.0,19,3,6,1,1
-2.0,-24.0,19,2,6,1,3
-2.0,-22.0,26,18,2,3,3
-2.0,-20.0,26,17,2,3,3
-2.0,-18.0,26,16,2,3,3
-2.0,-16.0,26,15,2,3,3
-2.0,-14.0,26,14,2,3,3
-2.0,-12.0,26,13,2,3,3
-2.0,-10.0,26,12,2,3,3
-2.0,-8.0,17,11,2,3,3
-2.0,-6.0,31,10,2,3,3
-2.0,-4.0,31,9,2,3,3
-2.0,-2.0,31,8,2,3,3
-2.0,0.0,31,7,2,3,2
-52.0,20.0,12,30,7,2,2
-50.0,20.0,12,29,7,2,2
-48.0,20.0,12,28,7,2,2
-46.0,20.0,12,27,7,2,2
-44.0,20.0,12,26,7,2,2
-42.0,20.0,12,25,7,2,2
-40.0,20.0,12,24,7,2,2
-38.0,20.0,12,23,7,2,2
-36.0,20.0,12,22,7,2,2
-34.0,20.0,12,21,7,2,2
-32.0,20.0,12,20,7,2,2
-30.0,20.0,12,19,7,2,2
-28.0,20.0,12,18,7,2,2
-26.0,20.0,12,17,7,2,2
-24.0,20.0,12,16,7,2,2
-22.0,20.0,12,15,7,2,2
-20.0,20.0,12,14,7,2,2
-18.0,20.0,12,13,7,2,2
-16.0,20.0,12,12,7,2,2
-14.0,20.0,12,11,7,2,2
-12.0,20.0,18,10,7,2,2
-10.0,20.0,18,9,7,2,2
-8.0,20.0,18,8,7,2,2
-6.0,20.0,18,7,7,2,2
-4.0,20.0,18,6,7,2,2
-2.0,20.0,18,5,7,2,2
0.0,20.0,18,4,7,2,4
0.0,18.0,27,17,4,4,4
0.0,16.0,27,16,4,4,4
0.0,14.0,27,15,4,4,4
0.0,12.0,27,14,4,4,4
0.0,10.0,27,13,4,4,4
0.0,8.0,27,12,4,4,4
0.0,6.0,27,11,4,4,4
0.0,4.0,27,10,4,4,4
0.0,2.0,27,9,4,4,4
28.0,6.0,27,8,4,4,4
28.0,4.0,27,7,4,4,4
28.0,2.0,25,6,4,4,1
26.0,2.0,12,25,6,1,1
24.0,2.0,12,25,6,1,1
22.0,2.0,12,26,6,1,1
20.0,2.0,12,25,6,1,1
18.0,2.0,12,24,6,1,4
18.0,0.0,24,5,9,4,4
18.0,-2.0,24,4,9,4,1
16.0,-2.0,14,23,4,1,1
14.0,-2.0,14,22,4,1,1
12.0,-2.0,14,21,4,1,1
10.0,-2.0,14,20,4,1,1
8.0,-2.0,14,19,4,1,1
6.0,-2.0,14,18,4,1,1
4.0,-2.0,14,17,4,1,1
2.0,-2.0,14,16,4,1,1
0.0,-2.0,14,15,4,1,3
18.0,-10.0,9,13,15,3,3
18.0,-8.0,9,12,15,3,3
18.0,-6.0,14,11,15,3,3
18.0,-4.0,14,10,15,3,1
16.0,-4.0,10,14,8,1,1
14.0,-4.0,10,13,8,1,1
12.0,-4.0,10,12,8,1,1
10.0,-4.0,10,11,8,1,1
8.0,-4.0,17,10,8,1,1
6.0,-4.0,17,9,8,1,1
4.0,-4.0,17,8,8,1,1
2.0,-4.0,17,7,8,1,3
2.0,-2.0,22,16,7,3,3
2.0,0.0,22,15,7,3,3
2.0,2.0,22,14,7,3,3
2.0,4.0,22,13,7,3,3
2.0,6.0,22,12,7,3,3
2.0,8.0,22,11,7,3,3
2.0,10.0,22,10,7,3,3
2.0,12.0,22,9,7,3,3
2.0,14.0,22,8,7,3,3
2.0,16.0,18,7,7,3,3
2.0,18.0,26,6,7,3,3
2.0,20.0,26,5,7,3,3
2.0,22.0,26,4,7,3,1
0.0,22.0,4,6,21,1,4
0.0,20.0,6,20,1,4,4
0.0,18.0,6,19,1,4,4
0.0,16.0,6,18,1,4,4
0.0,14.0,6,17,1,4,4
0.0,12.0,6,16,1,4,4
0.0,10.0,6,15,1,4,4
0.0,8.0,6,14,1,4,4
0.0,6.0,6,13,1,4,4
0.0,4.0,6,12,1,4,4
0.0,2.0,6,11,1,4,4
-20.0,-12.0,6,10,1,4,4
-20.0,-14.0,6,9,1,4,4
-20.0,-16.0,6,8,1,4,4
-20.0,-18.0,6,7,9,4,4
-20.0,-20.0,6,6,9,4,4
-20.0,-22.0,6,5,9,4,1
-22.0,-22.0,20,5,5,1,3
-22.0,-20.0,1,19,5,3,3
-22.0,-18.0,1,18,5,3,3
-22.0,-16.0,1,17,5,3,3
-22.0,-14.0,1,16,5,3,3
-22.0,-12.0,1,15,5,3,3
-22.0,-10.0,1,14,5,3,3
-22.0,-8.0,1,13,5,3,3
-22.0,-6.0,1,12,5,3,3
-22.0,-4.0,1,11,5,3,3
-22.0,-2.0,1,10,5,3,3
-22.0,0.0,1,9,5,3,3
-22.0,2.0,1,8,5,3,3
-22.0,4.0,1,7,5,3,3
-22.0,6.0,1,6,5,3,3
-22.0,8.0,1,5,5,3,3
-22.0,10.0,1,4,5,3,3
-22.0,12.0,28,3,5,3,2
-20.0,12.0,1,27,3,2,2
-18.0,12.0,1,26,3,2,2
-16.0,12.0,14,25,3,2,2
-14.0,12.0,14,24,3,2,2
-12.0,12.0,22,23,3,2,2
-10.0,12.0,22,22,3,2,2
-8.0,12.0,22,21,3,2,2
-6.0,12.0,22,20,3,2,2
-4.0,12.0,22,19,3,2,2
-2.0,12.0,22,18,3,2,2
0.0,12.0,22,17,3,2,4
0.0,10.0,9,21,17,4,4
0.0,8.0,9,20,17,4,4
0.0,6.0,9,19,17,4,4
0.0,4.0,9,18,17,4,4
0.0,2.0,9,17,17,4,4
16.0,-10.0,10,16,17,4,4
16.0,-12.0,10,15,17,4,4
16.0,-14.0,10,14,17,4,4
16.0,-16.0,10,13,17,4,4
16.0,-18.0,10,12,17,4,4
16.0,-20.0,10,11,17,4,4
16.0,-22.0,10,10,17,4,4
16.0,-24.0,10,9,17,4,4
16.0,-26.0,10,8,17,4,4
16.0,-28.0,10,7,17,4,4
16.0,-30.0,10,6,17,4,4
16.0,-32.0,10,5,17,4,4
16.0,-34.0,16,4,17,4,1
14.0,-34.0,18,15,4,1,1
12.0,-34.0,18,14,4,1,3
12.0,-32.0,2,17,8,3,3
12.0,-30.0,2,16,8,3,3
12.0,-28.0,2,15,8,3,3
12.0,-26.0,2,14,8,3,3
12.0,-24.0,2,13,9,3,3
12.0,-22.0,2,12,9,3,3
12.0,-20.0,2,11,9,3,3
12.0,-18.0,2,10,9,3,3
12.0,-16.0,2,9,9,3,3
12.0,-14.0,2,8,9,3,3
12.0,-12.0,2,7,9,3,1
10.0,-12.0,7,8,15,1,1
8.0,-12.0,7,7,15,1,4
8.0,-14.0,7,14,2,4,4
8.0,-16.0,7,13,2,4,4
8.0,-18.0,12,12,2,4,4
8.0,-20.0,12,11,2,4,4
8.0,-22.0,12,10,2,4,4
8.0,-24.0,12,9,2,4,4
8.0,-26.0,12,8,2,4,4
8.0,-28.0,12,7,2,4,4
8.0,-30.0,12,6,2,4,4
8.0,-32.0,12,5,2,4,4
8.0,-34.0,12,4,2,4,1
6.0,-34.0,18,11,4,1,1
4.0,-34.0,18,10,4,1,3
4.0,-32.0,2,17,10,3,3
4.0,-30.0,2,16,10,3,3
4.0,-28.0,2,15,10,3,3
4.0,-26.0,2,14,10,3,3
4.0,-24.0,2,16,10,3,3
4.0,-22.0,2,15,10,3,3
4.0,-20.0,2,14,10,3,3
4.0,-18.0,2,13,10,3,3
4.0,-16.0,2,12,10,3,3
4.0,-14.0,2,11,10,3,3
4.0,-12.0,2,10,10,3,3
4.0,-10.0,6,9,10,3,3
4.0,-8.0,6,8,10,3,3
4.0,-6.0,6,7,10,3,3
4.0,-4.0,23,6,10,3,3
4.0,-2.0,23,5,10,3,3
4.0,0.0,23,4,10,3,1
2.0,0.0,4,9,21,1,1
-14.0,14.0,4,8,21,1,1
-16.0,14.0,4,7,21,1,1
-18.0,14.0,4,6,21,1,1
-20.0,14.0,4,5,21,1,4
-20.0,12.0,5,20,5,4,4
-20.0,10.0,5,19,5,4,4
-20.0,8.0,5,18,5,4,4
-20.0,6.0,5,17,5,4,4
-20.0,4.0,5,16,5,4,4
-20.0,2.0,5,15,5,4,4
-20.0,0.0,5,14,5,4,4
-20.0,-2.0,5,13,5,4,4
-20.0,-4.0,5,12,5,4,4
-20.0,-6.0,5,11,5,4,4
-20.0,-8.0,5,10,5,4,4
-20.0,-10.0,5,9,5,4,4
-20.0,-12.0,5,8,5,4,4
-20.0,-14.0,5,7,5,4,4
-20.0,-16.0,5,6,5,4,4
-20.0,-18.0,5,5,5,4,4
-20.0,-20.0,5,4,5,4,4
-20.0,-22.0,5,3,28,4,4
-20.0,-24.0,5,2,28,4,2
-18.0,-24.0,2,27,19,2,2
-16.0,-24.0,2,26,19,2,2
-14.0,-24.0,2,25,19,2,2
-12.0,-24.0,2,24,19,2,2
-10.0,-24.0,2,23,2,2,2
-8.0,-24.0,2,22,2,2,2
-6.0,-24.0,2,21,2,2,2
-4.0,-24.0,2,20,23,2,2
-2.0,-24.0,2,19,23,2,3
-2.0,-22.0,19,22,9,3,3
-2.0,-20.0,19,21,2,3,3
-2.0,-18.0,19,20,2,3,3
-2.0,-16.0,19,19,4,3,3
-2.0,-14.0,19,18,4,3,3
-2.0,-12.0,19,17,4,3,3
-2.0,-10.0,19,16,4,3,3
-2.0,-8.0,19,15,4,3,3
-2.0,-6.0,19,14,4,3,3
-2.0,-4.0,19,13,4,3,3
-2.0,-2.0,19,12,4,3,3
-2.0,0.0,19,11,4,3,2
-28.0,18.0,14,18,11,2,2
-26.0,18.0,14,17,11,2,2
-24.0,18.0,14,16,11,2,2
-22.0,18.0,14,15,11,2,2
-20.0,18.0,14,14,11,2,2
-18.0,18.0,14,13,11,2,2
-16.0,18.0,14,12,11,2,2
-14.0,18.0,14,11,11,2,2
-12.0,18.0,14,10,11,2,2
-10.0,18.0,14,9,11,2,2
-8.0,18.0,14,8,11,2,2
-6.0,18.0,14,7,11,2,2
-4.0,18.0,14,6,11,2,2
-2.0,18.0,14,5,11,2,2
0.0,18.0,14,4,11,2,4
0.0,16.0,15,13,4,4,4
0.0,14.0,15,12,4,4,4
0.0,12.0,15,11,4,4,4
0.0,10.0,15,10,4,4,4
0.0,8.0,15,9,4,4,4
0.0,6.0,15,8,4,4,4
0.0,4.0,15,7,4,4,4
0.0,2.0,15,6,4,4,4
-4.0,-8.0,15,5,4,4,4
-4.0,-10.0,15,4,4,4,4
-4.0,-12.0,15,3,4,4,2
-2.0,-12.0,3,3,22,2,2
0.0,-12.0,3,2,22,2,3
0.0,-10.0,2,21,2,3,3
0.0,-8.0,2,20,2,3,3
0.0,-6.0,2,19,2,3,3
0.0,-4.0,2,18,2,3,3
0.0,-2.0,2,17,2,3,3
2.0,10.0,2,16,2,3,3
2.0,12.0,2,15,2,3,3
2.0,14.0,2,14,2,3,3
2.0,16.0,2,13,2,3,3
2.0,18.0,2,12,2,3,3
2.0,20.0,2,11,2,3,3
2.0,22.0,2,10,31,3,3
2.0,24.0,2,9,31,3,3
2.0,26.0,2,8,31,3,1
0.0,26.0,8,30,14,1,1
-2.0,26.0,8,29,3,1,1
-4.0,26.0,8,28,3,1,1
-6.0,26.0,8,27,3,1,1
-8.0,26.0,8,26,3,1,1
-10.0,26.0,8,25,3,1,1
-12.0,26.0,8,24,3,1,1
-14.0,26.0,8,23,3,1,1
-16.0,26.0,8,22,3,1,1
-18.0,26.0,8,21,3,1,1
-20.0,26.0,8,20,3,1,1
-22.0,26.0,8,19,3,1,1
-24.0,26.0,8,18,3,1,1
-26.0,26.0,8,17,3,1,1
-28.0,26.0,8,16,3,1,1
-30.0,26.0,8,15,3,1,1
-32.0,26.0,8,14,3,1,1
-34.0,26.0,8,13,17,1,1
-36.0,26.0,8,12,17,1,1
-38.0,26.0,8,11,17,1,1
-40.0,26.0,8,10,17,1,1
-42.0,26.0,8,9,17,1,1
-44.0,26.0,8,8,17,1,1
-46.0,26.0,8,7,17,1,1
-48.0,26.0,8,6,17,1,1
-50.0,26.0,8,5,17,1,1
-52.0,26.0,8,4,17,1,1
-54.0,26.0,8,3,17,1,4
-54.0,24.0,3,16,28,4,2
-52.0,24.0,16,27,1,2,2
-50.0,24.0,16,26,1,2,2
-48.0,24.0,16,25,1,2,2
-46.0,24.0,16,24,1,2,2
-44.0,24.0,16,23,1,2,2
-42.0,24.0,16,22,1,2,2
-40.0,24.0,16,21,1,2,2
-38.0,24.0,16,20,1,2,2
-36.0,24.0,16,19,1,2,2
-34.0,24.0,16,18,1,2,2
-32.0,24.0,16,17,1,2,2
-30.0,24.0,16,16,1,2,2
-28.0,24.0,16,15,1,2,2
-26.0,24.0,16,14,1,2,2
-24.0,24.0,16,13,1,2,2
-22.0,24.0,16,12,1,2,2
-20.0,24.0,16,11,1,2,2
-18.0,24.0,16,10,1,2,2
-16.0,24.0,16,9,1,2,2
-14.0,24.0,16,8,1,2,2
-12.0,24.0,16,7,1,2,2
-10.0,24.0,16,6,1,2,4
-10.0,22.0,25,15,6,4,1
-12.0,22.0,1,24,15,1,1
-14.0,22.0,1,23,15,1,1
-16.0,22.0,1,22,15,1,1
-18.0,22.0,1,21,15,1,1
-20.0,22.0,1,20,15,1,1
-22.0,22.0,1,19,15,1,1
-24.0,22.0,1,18,15,1,1
-26.0,22.0,1,17,15,1,1
-28.0,22.0,1,16,15,1,1
-30.0,22.0,1,15,15,1,1
-32.0,22.0,1,14,15,1,1
-34.0,22.0,1,13,15,1,1
-36.0,22.0,1,12,15,1,1
-38.0,22.0,1,11,15,1,1
-40.0,22.0,1,10,15,1,4
-40.0,20.0,10,14,23,4,4
-40.0,18.0,10,13,23,4,4
-40.0,16.0,10,12,23,4,4
-40.0,14.0,10,11,23,4,4
-40.0,12.0,10,10,23,4,4
-40.0,10.0,10,9,23,4,4
-40.0,8.0,10,8,23,4,4
-40.0,6.0,10,7,23,4,4
-40.0,4.0,10,6,23,4,4
-40.0,2.0,10,5,23,4,4
-40.0,0.0,10,4,23,4,2
-38.0,0.0,4,22,11,2,2
-36.0,0.0,4,21,11,2,2
-34.0,0.0,4,20,11,2,2
-32.0,0.0,4,19,11,2,2
-30.0,0.0,4,18,11,2,2
-28.0,0.0,4,17,11,2,2
-26.0,0.0,4,16,11,2,2
-24.0,0.0,4,15,11,2,2
-22.0,0.0,4,14,11,2,2
-20.0,0.0,4,13,11,2,2
-18.0,0.0,4,12,11,2,2
-16.0,0.0,4,11,11,2,2
-14.0,0.0,4,10,11,2,2
-12.0,0.0,4,9,11,2,2
-10.0,0.0,4,8,11,2,2
-8.0,0.0,4,7,21,2,2
-6.0,0.0,4,6,21,2,2
-4.0,0.0,4,5,21,2,2
-2.0,0.0,4,4,21,2,2
22.0,-16.0,4,3,21,2,3
22.0,-14.0,3,20,20,3,3
22.0,-12.0,3,19,20,3,3
22.0,-10.0,3,18,20,3,3
22.0,-8.0,3,17,20,3,3
22.0,-6.0,3,16,20,3,3
22.0,-4.0,3,15,20,3,3
22.0,-2.0,3,14,20,3,3
22.0,0.0,3,13,20,3,3
22.0,2.0,3,12,20,3,3
22.0,4.0,3,11,20,3,3
22.0,6.0,3,10,5,3,3
22.0,8.0,3,9,5,3,3
22.0,10.0,3,8,30,3,3
22.0,12.0,3,7,30,3,3
22.0,14.0,3,6,30,3,3
22.0,16.0,3,5,30,3,3
22.0,18.0,3,4,30,3,1
20.0,18.0,4,29,17,1,4
20.0,16.0,29,16,1,4,4
20.0,14.0,29,15,1,4,4
20.0,12.0,29,14,1,4,4
20.0,10.0,29,13,1,4,4
20.0,8.0,29,12,1,4,4
20.0,6.0,13,11,1,4,4
20.0,4.0,19,10,1,4,4
20.0,2.0,19,9,1,4,4
20.0,0.0,19,8,1,4,4
20.0,-2.0,19,7,1,4,4
20.0,-4.0,19,6,1,4,4
20.0,-6.0,19,5,1,4,4
20.0,-8.0,19,4,1,4,1
18.0,-8.0,17,18,4,1,3
18.0,-6.0,1,16,18,3,3
18.0,-4.0,1,15,18,3,3
18.0,-2.0,1,14,28,3,3
18.0,0.0,1,13,28,3,3
18.0,2.0,1,12,28,3,3
18.0,4.0,1,11,28,3,3
18.0,6.0,1,10,28,3,3
18.0,8.0,1,9,28,3,3
18.0,10.0,1,8,28,3,3
18.0,12.0,1,7,28,3,3
18.0,14.0,1,6,28,3,1
16.0,14.0,6,27,15,1,1
14.0,14.0,6,26,15,1,4
14.0,12.0,26,14,2,4,4
14.0,10.0,26,13,2,4,4
14.0,8.0,26,12,2,4,4
14.0,6.0,26,11,2,4,4
14.0,4.0,26,10,2,4,4
14.0,2.0,26,9,2,4,4
14.0,0.0,26,8,2,4,4
14.0,-2.0,26,7,2,4,1
12.0,-2.0,14,25,7,1,1
10.0,-2.0,14,24,7,1,1
8.0,-2.0,14,23,11,1,1
6.0,-2.0,14,22,11,1,1
4.0,-2.0,14,21,11,1,1
2.0,-2.0,14,20,11,1,3
2.0,0.0,6,13,20,3,3
2.0,2.0,6,12,20,3,3
2.0,4.0,6,11,20,3,3
2.0,6.0,6,10,20,3,3
2.0,8.0,6,9,20,3,3
2.0,10.0,6,8,20,3,3
2.0,12.0,6,7,20,3,3
2.0,14.0,6,6,20,3,3
2.0,16.0,9,5,20,3,1
0.0,16.0,5,19,20,1,4
0.0,14.0,19,19,1,4,4
0.0,12.0,19,18,1,4,4
0.0,10.0,19,17,1,4,4
0.0,8.0,19,16,1,4,4
0.0,6.0,19,15,1,4,4
0.0,4.0,19,14,1,4,4
0.0,2.0,19,13,1,4,4
-12.0,14.0,19,12,1,4,4
-12.0,12.0,19,11,1,4,4
-12.0,10.0,19,10,9,4,4
-12.0,8.0,19,9,9,4,4
-12.0,6.0,19,8,9,4,4
-12.0,4.0,19,7,14,4,4
-12.0,2.0,19,6,14,4,4
-12.0,0.0,19,5,14,4,2
-10.0,0.0,5,13,6,2,2
-8.0,0.0,5,12,6,2,2
-6.0,0.0,5,11,6,2,2
-4.0,0.0,5,10,6,2,2
-2.0,0.0,5,9,6,2,2
8.0,-20.0,5,8,6,2,2
10.0,-20.0,5,7,6,2,2
12.0,-20.0,5,6,14,2,2
14.0,-20.0,5,5,3,2,4
14.0,-22.0,28,4,5,4,1
12.0,-22.0,1,27,4,1,1
10.0,-22.0,1,26,4,1,1
8.0,-22.0,1,25,4,1,1
6.0,-22.0,1,24,4,1,1
4.0,-22.0,1,23,4,1,1
2.0,-22.0,1,22,4,1,1
0.0,-22.0,1,21,4,1,1
-2.0,-22.0,1,20,4,1,1
-4.0,-22.0,1,19,4,1,1
-6.0,-22.0,21,18,4,1,1
-8.0,-22.0,21,17,4,1,1
-10.0,-22.0,21,16,4,1,1
-12.0,-22.0,21,15,4,1,1
-14.0,-22.0,21,14,4,1,1
-16.0,-22.0,21,13,4,1,1
-18.0,-22.0,21,12,4,1,1
-20.0,-22.0,21,11,4,1,1
-22.0,-22.0,21,10,4,1,1
-24.0,-22.0,21,9,4,1,1
-26.0,-22.0,21,8,4,1,3
-26.0,-20.0,11,20,8,3,3
-26.0,-18.0,11,19,8,3,3
-26.0,-16.0,11,18,8,3,3
-26.0,-14.0,11,17,8,3,3
-26.0,-12.0,11,16,8,3,3
-26.0,-10.0,11,15,8,3,3
-26.0,-8.0,11,14,8,3,3
-26.0,-6.0,11,13,8,3,3
-26.0,-4.0,11,12,8,3,3
-26.0,-2.0,11,11,8,3,3
-26.0,0.0,11,10,8,3,3
-26.0,2.0,11,9,8,3,3
-26.0,4.0,11,8,8,3,3
-26.0,6.0,11,7,8,3,3
-26.0,8.0,11,6,8,3,3
-26.0,10.0,11,5,8,3,3
-26.0,12.0,25,4,8,3,2
-24.0,12.0,17,24,4,2,2
-22.0,12.0,17,23,4,2,2
-20.0,12.0,17,22,4,2,2
-18.0,12.0,17,21,4,2,2
-16.0,12.0,17,20,4,2,2
-14.0,12.0,17,19,4,2,2
-12.0,12.0,17,18,4,2,2
-10.0,12.0,17,17,4,2,2
-8.0,12.0,17,16,4,2,2
-6.0,12.0,17,15,4,2,2
-4.0,12.0,11,14,4,2,2
-2.0,12.0,16,13,4,2,2
0.0,12.0,16,12,4,2,4
0.0,10.0,13,15,12,4,4
0.0,8.0,13,14,12,4,4
0.0,6.0,13,13,12,4,4
0.0,4.0,13,12,12,4,4
0.0,2.0,13,11,12,4,4
-6.0,-18.0,13,10,12,4,4
-6.0,-20.0,13,10,12,4,4
-6.0,-22.0,13,9,12,4,4
-6.0,-24.0,13,8,12,4,4
-6.0,-26.0,13,7,12,4,2
-4.0,-26.0,7,11,14,2,2
-2.0,-26.0,7,10,14,2,3
-2.0,-24.0,10,13,2,3,3
-2.0,-22.0,10,12,2,3,3
-2.0,-20.0,10,11,2,3,3
-2.0,-18.0,10,10,2,3,3
-2.0,-16.0,10,9,2,3,3
-2.0,-14.0,10,8,2,3,3
-2.0,-12.0,10,7,2,3,3
-2.0,-10.0,10,6,2,3,3
-2.0,-8.0,10,5,2,3,3
-2.0,-6.0,10,4,2,3,3
-2.0,-4.0,10,3,23,3,3
-2.0,-2.0,10,2,23,3,2
0.0,-2.0,23,9,2,2,2
2.0,-2.0,23,8,2,2,2
4.0,-2.0,23,7,2,2,2
6.0,-2.0,23,6,2,2,2
8.0,-2.0,23,5,2,2,2
10.0,-2.0,23,4,2,2,2
12.0,-2.0,23,3,2,2,2
14.0,-2.0,23,2,2,2,3
14.0,0.0,2,1,31,3,1
12.0,0.0,1,30,1,1,1
10.0,0.0,1,29,1,1,1
8.0,0.0,1,28,1,1,1
6.0,0.0,1,27,1,1,1
4.0,0.0,1,26,1,1,1
2.0,0.0,1,25,1,1,1
44.0,36.0,1,24,1,1,1
42.0,36.0,1,23,1,1,1
40.0,36.0,1,22,13,1,1
38.0,36.0,1,21,3,1,1
36.0,36.0,1,20,3,1,1
34.0,36.0,1,19,3,1,1
32.0,36.0,1,18,3,1,1
30.0,36.0,1,17,3,1,1
28.0,36.0,1,16,3,1,1
26.0,36.0,1,15,3,1,1
24.0,36.0,1,14,3,1,1
22.0,36.0,1,13,3,1,1
20.0,36.0,1,12,3,1,1
18.0,36.0,1,11,3,1,1
16.0,36.0,1,10,3,1,1
14.0,36.0,1,9,24,1,1
12.0,36.0,1,8,24,1,1
10.0,36.0,1,7,24,1,1
8.0,36.0,1,6,24,1,1
6.0,36.0,1,5,24,1,1
4.0,36.0,1,4,24,1,1
2.0,36.0,1,3,24,1,1
0.0,36.0,1,2,24,1,4
0.0,34.0,2,23,21,4,4
0.0,32.0,2,22,21,4,4
0.0,30.0,2,21,19,4,4
0.0,28.0,2,20,19,4,4
0.0,26.0,2,19,19,4,4
0.0,24.0,2,18,19,4,4
0.0,22.0,2,17,19,4,4
0.0,20.0,2,16,19,4,4
0.0,18.0,2,15,19,4,4
0.0,16.0,2,14,19,4,4
0.0,14.0,2,13,19,4,4
0.0,12.0,2,12,19,4,4
0.0,10.0,2,11,19,4,4
0.0,8.0,2,10,31,4,4
0.0,6.0,2,9,31,4,4
0.0,4.0,2,8,31,4,4
0.0,2.0,2,7,31,4,4
-20.0,-26.0,2,6,31,4,2
-18.0,-26.0,6,30,18,2,2
-16.0,-26.0,6,29,18,2,2
-14.0,-26.0,6,28,18,2,2
-12.0,-26.0,6,27,18,2,2
-10.0,-26.0,6,26,18,2,3
-10.0,-24.0,26,17,5,3,3
-10.0,-22.0,26,16,5,3,3
-10.0,-20.0,26,15,5,3,3
-10.0,-18.0,26,14,5,3,3
-10.0,-16.0,26,13,5,3,3
-10.0,-14.0,26,12,5,3,3
-10.0,-12.0,26,11,5,3,3
-10.0,-10.0,26,10,5,3,3
-10.0,-8.0,26,9,5,3,3
-10.0,-6.0,26,8,5,3,3
-10.0,-4.0,26,7,5,3,3
-10.0,-2.0,26,6,5,3,3
-10.0,0.0,26,5,5,3,2
-8.0,0.0,19,25,5,2,2
-6.0,0.0,19,24,5,2,2
-4.0,0.0,19,23,5,2,2
-2.0,0.0,19,22,5,2,2
-8.0,0.0,19,21,5,2,2
-6.0,0.0,19,20,5,2,2
-4.0,0.0,19,19,5,2,2
-2.0,0.0,19,18,5,2,2
0.0,16.0,19,17,5,2,2
2.0,16.0,19,16,5,2,2
4.0,16.0,19,15,5,2,2
6.0,16.0,19,14,5,2,2
8.0,16.0,19,13,5,2,2
10.0,16.0,19,12,6,2,2
12.0,16.0,19,11,6,2,2
14.0,16.0,19,10,6,2,2
16.0,16.0,19,9,6,2,4
16.0,14.0,17,18,9,4,4
16.0,12.0,17,17,9,4,4
16.0,10.0,17,16,9,4,4
16.0,8.0,17,15,9,4,4
16.0,6.0,17,14,9,4,4
16.0,4.0,17,13,9,4,4
16.0,2.0,17,12,9,4,4
16.0,0.0,17,11,9,4,4
16.0,-2.0,17,10,9,4,1
14.0,-2.0,9,16,10,1,1
12.0,-2.0,9,15,10,1,1
10.0,-2.0,9,14,10,1,1
8.0,-2.0,9,13,10,1,1
6.0,-2.0,9,12,10,1,1
4.0,-2.0,9,11,10,1,1
2.0,-2.0,9,10,10,1,1
0.0,-2.0,9,9,10,1,3
20.0,-20.0,8,8,9,3,3
20.0,-18.0,8,7,9,3,3
20.0,-16.0,8,6,9,3,3
20.0,-14.0,8,5,9,3,1
18.0,-14.0,5,8,14,1,1
16.0,-14.0,5,7,14,1,1
14.0,-14.0,5,6,14,1,1
12.0,-14.0,5,5,14,1,4
12.0,-16.0,5,13,4,4,4
12.0,-18.0,5,12,4,4,4
12.0,-20.0,5,11,4,4,4
12.0,-22.0,5,10,4,4,4
12.0,-24.0,5,9,21,4,4
12.0,-26.0,5,8,21,4,4
12.0,-28.0,5,7,21,4,4
12.0,-30.0,5,6,21,4,4
12.0,-32.0,12,5,21,4,4
12.0,-34.0,12,4,21,4,1
10.0,-34.0,15,11,4,1,1
8.0,-34.0,15,10,4,1,1
6.0,-34.0,15,9,4,1,1
4.0,-34.0,15,8,4,1,1
2.0,-34.0,3,7,4,1,1
0.0,-34.0,21,6,4,1,1
-2.0,-34.0,21,5,4,1,1
-4.0,-34.0,21,4,4,1,3
-4.0,-32.0,8,20,4,3,3
-4.0,-30.0,8,19,4,3,3
-4.0,-28.0,8,18,4,3,3
-4.0,-26.0,8,17,4,3,3
-4.0,-24.0,8,16,4,3,3
-4.0,-22.0,8,15,4,3,3
-4.0,-20.0,8,14,4,3,3
-4.0,-18.0,8,13,4,3,3
-4.0,-16.0,8,12,4,3,3
-4.0,-14.0,8,11,4,3,3
-4.0,-12.0,20,10,4,3,3
-4.0,-10.0,20,9,4,3,3
-4.0,-8.0,20,8,4,3,3
-4.0,-6.0,20,7,4,3,3
-4.0,-4.0,9,6,4,3,3
-4.0,-2.0,29,5,4,3,3
-4.0,0.0,29,4,4,3,2
-2.0,0.0,17,28,4,2,2
2.0,-6.0,17,27,4,2,2
4.0,-6.0,17,26,4,2,2
6.0,-6.0,17,25,4,2,2
8.0,-6.0,17,24,4,2,2
10.0,-6.0,17,23,4,2,2
12.0,-6.0,17,22,4,2,2
14.0,-6.0,7,21,4,2,2
16.0,-6.0,7,20,4,2,2
18.0,-6.0,7,19,4,2,2
20.0,-6.0,7,18,4,2,2
22.0,-6.0,7,17,4,2,2
24.0,-6.0,11,16,4,2,2
26.0,-6.0,11,15,4,2,2
28.0,-6.0,11,14,4,2,2
30.0,-6.0,11,13,4,2,2
32.0,-6.0,11,12,4,2,2
34.0,-6.0,11,11,4,2,2
36.0,-6.0,11,10,4,2,2
38.0,-6.0,21,9,4,2,2
40.0,-6.0,21,8,4,2,2
42.0,-6.0,21,7,4,2,2
44.0,-6.0,21,6,4,2,2
46.0,-6.0,21,5,4,2,2
48.0,-6.0,21,4,4,2,3
48.0,-4.0,4,3,29,3,3
48.0,-2.0,4,2,29,3,1
46.0,-2.0,2,28,2,1,1
44.0,-2.0,2,27,2,1,1
42.0,-2.0,2,26,2,1,1
40.0,-2.0,2,25,2,1,1
38.0,-2.0,2,24,2,1,1
36.0,-2.0,2,23,2,1,1
34.0,-2.0,2,22,2,1,1
32.0,-2.0,2,21,2,1,1
30.0,-2.0,2,20,2,1,1
28.0,-2.0,2,19,2,1,1
26.0,-2.0,2,18,2,1,1
24.0,-2.0,2,17,2,1,1
22.0,-2.0,2,16,2,1,1
20.0,-2.0,2,15,2,1,1
18.0,-2.0,2,14,2,1,1
16.0,-2.0,2,13,2,1,1
14.0,-2.0,2,12,2,1,1
12.0,-2.0,2,11,2,1,1
10.0,-2.0,2,10,2,1,1
8.0,-2.0,2,9,2,1,1
6.0,-2.0,2,8,2,1,1
4.0,-2.0,2,7,2,1,1
2.0,-2.0,2,6,2,1,1
0.0,-2.0,2,5,2,1,1
-2.0,-2.0,2,4,2,1,1
-4.0,-2.0,2,3,23,1,1
-6.0,-2.0,2,2,23,1,1
-8.0,-2.0,2,1,23,1,2
